pdf_file,account_name,candidate_name,committee_name,account_type,office_sought,reporting_period,date_filed,carried_forward_last,total_contributions,total_expenditures,report_total,amended_contributions,amended_expenditures,amendment_total,total_carried_forward
actblue_wyoming__non_election_year_odd_year_2026__amendment_1.pdf,ACTBLUE WYOMING,,,POLITICAL ACTION COMMITTEE,,NON ELECTION YEAR (ODD YEAR) - 2026,1/5/2026,,370.0,-430.0,,,,,
actblue_wyoming__non_election_year_odd_year_2026__official_1.pdf,ACTBLUE WYOMING,,,POLITICAL ACTION COMMITTEE,,NON ELECTION YEAR (ODD YEAR) - 2026,12/30/2025,-13223.13,41005.0,-40945.0,60.0,370.0,-430.0,60.0,-13223.13
actblue_wyoming__primary_report_2026__official_1.pdf,ACTBLUE WYOMING,,,POLITICAL ACTION COMMITTEE,,PRIMARY REPORT - 2026,8/11/2026,-13223.13,36615.01,-36395.07,219.94,0.0,-0.0,0.0,-13003.19
allen_jaggi_constitutional_issues__non_election_year_odd_year_2026__official_1.pdf,ALLEN JAGGI-CONSTITUTIONAL ISSUES,,,POLITICAL ACTION COMMITTEE,,NON ELECTION YEAR (ODD YEAR) - 2026,12/19/2025,-27.2,0.0,-0.0,0.0,0.0,-0.0,0.0,-27.2
altria_group_inc_political_action_committee_altriapac__non_election_year_odd_year_2026__amendment_1.pdf,"ALTRIA GROUP, INC. POLITICAL ACTION COMMITTEE (ALTRIAPAC)",,,POLITICAL ACTION COMMITTEE,,NON ELECTION YEAR (ODD YEAR) - 2026,3/6/2026,,63.05,-0.0,,,,,
altria_group_inc_political_action_committee_altriapac__non_election_year_odd_year_2026__official_1.pdf,"ALTRIA GROUP, INC. POLITICAL ACTION COMMITTEE (ALTRIAPAC)",,,POLITICAL ACTION COMMITTEE,,NON ELECTION YEAR (ODD YEAR) - 2026,12/31/2025,60727.17,1009392.25,-937880.86,71511.39,52.89,-0.0,52.89,132291.45
altria_group_inc_political_action_committee_altriapac__primary_report_2026__official_1.pdf,"ALTRIA GROUP, INC. POLITICAL ACTION COMMITTEE (ALTRIAPAC)",,,POLITICAL ACTION COMMITTEE,,PRIMARY REPORT - 2026,8/11/2026,132291.45,593124.58,-615364.35,-22239.77,0.0,-0.0,0.0,110051.68
american_clean_power_association_cleanpower_pac__non_election_year_odd_year_2026__amendment_1.pdf,AMERICAN CLEAN POWER ASSOCIATION CLEANPOWER PAC,,,POLITICAL ACTION COMMITTEE,,NON ELECTION YEAR (ODD YEAR) - 2026,8/7/2026,,4142.05,-1416.66,,,,,
american_clean_power_association_cleanpower_pac__non_election_year_odd_year_2026__official_1.pdf,AMERICAN CLEAN POWER ASSOCIATION CLEANPOWER PAC,,,POLITICAL ACTION COMMITTEE,,NON ELECTION YEAR (ODD YEAR) - 2026,12/19/2025,106594.67,249126.43,-236000.0,13126.43,4142.05,-1416.66,2725.39,122446.49
american_clean_power_association_cleanpower_pac__primary_report_2026__official_1.pdf,AMERICAN CLEAN POWER ASSOCIATION CLEANPOWER PAC,,,POLITICAL ACTION COMMITTEE,,PRIMARY REPORT - 2026,8/11/2026,122446.49,256041.65,-150665.21,105376.44,0.0,-0.0,0.0,227822.93
bayer_us_llc_employee_political_action_committee_bayerpac__non_election_year_odd_year_2026__amendment_1.pdf,BAYER US LLC EMPLOYEE POLITICAL ACTION COMMITTEE (BAYERPAC),,,POLITICAL ACTION COMMITTEE,,NON ELECTION YEAR (ODD YEAR) - 2026,1/5/2026,,8.71,-0.0,,,,,
bayer_us_llc_employee_political_action_committee_bayerpac__non_election_year_odd_year_2026__official_1.pdf,BAYER US LLC EMPLOYEE POLITICAL ACTION COMMITTEE (BAYERPAC),,,POLITICAL ACTION COMMITTEE,,NON ELECTION YEAR (ODD YEAR) - 2026,12/30/2025,0.0,230591.49,-78724.0,151867.49,8.71,-0.0,8.71,151876.2
bayer_us_llc_employee_political_action_committee_bayerpac__primary_report_2026__official_1.pdf,BAYER US LLC EMPLOYEE POLITICAL ACTION COMMITTEE (BAYERPAC),,,POLITICAL ACTION COMMITTEE,,PRIMARY REPORT - 2026,8/10/2026,151876.2,257505.28,-180406.8,77098.48,0.0,-0.0,0.0,228974.68
bcr_voter_initiatives__non_election_year_odd_year_2026__official_1.pdf,BCR VOTER INITIATIVES,,,POLITICAL ACTION COMMITTEE,,NON ELECTION YEAR (ODD YEAR) - 2026,12/17/2025,3335.97,4000.0,-0.0,4000.0,0.0,-0.0,0.0,7335.97
bcr_voter_initiatives__primary_report_2026__official_1.pdf,BCR VOTER INITIATIVES,,,POLITICAL ACTION COMMITTEE,,PRIMARY REPORT - 2026,8/12/2026,7335.97,0.0,-2108.8,-2108.8,0.0,-0.0,0.0,-5227.17
black_hills_corporation_political_action_committee__non_election_year_odd_year_2026__official_1.pdf,BLACK HILLS CORPORATION POLITICAL ACTION COMMITTEE,,,POLITICAL ACTION COMMITTEE,,NON ELECTION YEAR (ODD YEAR) - 2026,12/31/2025,112797.72,111405.65,-42616.05,68789.6,0.0,-0.0,0.0,181587.32
black_hills_corporation_political_action_committee__primary_report_2026__official_1.pdf,BLACK HILLS CORPORATION POLITICAL ACTION COMMITTEE,,,POLITICAL ACTION COMMITTEE,,PRIMARY REPORT - 2026,8/11/2026,181587.32,66662.73,-51919.03,14743.7,0.0,-0.0,0.0,196331.02
bnsf_railway_company_railpac_bnsf_railpac__non_election_year_odd_year_2026__official_1.pdf,BNSF RAILWAY COMPANY RAILPAC (BNSF RAILPAC),,,POLITICAL ACTION COMMITTEE,,NON ELECTION YEAR (ODD YEAR) - 2026,12/29/2025,1508266.58,1044280.09,-1094656.07,-50375.98,-0.0,-0.0,0.0,1457890.6
bnsf_railway_company_railpac_bnsf_railpac__primary_report_2026__official_1.pdf,BNSF RAILWAY COMPANY RAILPAC (BNSF RAILPAC),,,POLITICAL ACTION COMMITTEE,,PRIMARY REPORT - 2026,8/11/2026,1457890.6,625166.27,-641568.26,-16401.99,0.0,-0.0,0.0,1441488.61
campbell_county_fire_pac__non_election_year_odd_year_2026__official_1.pdf,CAMPBELL COUNTY FIRE PAC,,,POLITICAL ACTION COMMITTEE,,NON ELECTION YEAR (ODD YEAR) - 2026,12/31/2025,1249.58,0.0,-7.4,-7.4,0.0,-0.0,0.0,1242.18
campbell_county_fire_pac__primary_report_2026__official_1.pdf,CAMPBELL COUNTY FIRE PAC,,,POLITICAL ACTION COMMITTEE,,PRIMARY REPORT - 2026,8/11/2026,1242.18,0.0,-1010.78,-1010.78,0.0,-0.0,0.0,231.4
casper_firefighters_pac__non_election_year_odd_year_2026__amendment_1.pdf,CASPER FIREFIGHTERS PAC,,,POLITICAL ACTION COMMITTEE,,NON ELECTION YEAR (ODD YEAR) - 2026,8/12/2026,,0.0,-5.0,,,,,
casper_firefighters_pac__non_election_year_odd_year_2026__official_1.pdf,CASPER FIREFIGHTERS PAC,,,POLITICAL ACTION COMMITTEE,,NON ELECTION YEAR (ODD YEAR) - 2026,12/30/2025,1081.25,0.0,-55.0,-55.0,0.0,-5.0,5.0,-1021.25
charter_communications_inc_wyoming_political_action_committee__non_election_year_odd_year_2026__official_1.pdf,"CHARTER COMMUNICATIONS, INC. WYOMING POLITICAL ACTION COMMITTEE",,,POLITICAL ACTION COMMITTEE,,NON ELECTION YEAR (ODD YEAR) - 2026,12/21/2025,1823.65,10000.0,-2745.41,7254.59,-0.0,-0.0,0.0,9078.24
charter_communications_inc_wyoming_political_action_committee__primary_report_2026__official_1.pdf,"CHARTER COMMUNICATIONS, INC. WYOMING POLITICAL ACTION COMMITTEE",,,POLITICAL ACTION COMMITTEE,,PRIMARY REPORT - 2026,8/10/2026,9078.24,8000.0,-11912.71,-3912.71,-0.0,-0.0,0.0,5165.53
cheyenne_pac__non_election_year_odd_year_2026__official_1.pdf,CHEYENNE PAC,,,POLITICAL ACTION COMMITTEE,,NON ELECTION YEAR (ODD YEAR) - 2026,12/27/2025,-42600.71,5023.25,-0.0,5023.25,0.0,-0.0,0.0,-37577.46
cheyenne_pac__primary_report_2026__official_1.pdf,CHEYENNE PAC,,,POLITICAL ACTION COMMITTEE,,PRIMARY REPORT - 2026,8/11/2026,-37577.46,3218.25,-0.0,3218.25,0.0,-0.0,0.0,-34359.21
civil_leadership_pac__primary_report_2026__official_1.pdf,CIVIL LEADERSHIP PAC,,,POLITICAL ACTION COMMITTEE,,PRIMARY REPORT - 2026,8/10/2026,0.0,200000.0,-199990.0,10.0,0.0,-0.0,0.0,10.0
coal_country_conservatives_pac__non_election_year_odd_year_2026__official_1.pdf,COAL COUNTRY CONSERVATIVES PAC,,,POLITICAL ACTION COMMITTEE,,NON ELECTION YEAR (ODD YEAR) - 2026,12/1/2025,878.48,1395.0,-667.78,727.22,0.0,-0.0,0.0,1605.7
coal_country_conservatives_pac__primary_report_2026__official_1.pdf,COAL COUNTRY CONSERVATIVES PAC,,,POLITICAL ACTION COMMITTEE,,PRIMARY REPORT - 2026,8/10/2026,1605.7,10097.51,-9659.33,438.18,-0.0,-0.0,0.0,2043.88
common_sense_republicans_for_wyoming__primary_report_2026__amendment_1.pdf,COMMON SENSE REPUBLICANS FOR WYOMING,,,POLITICAL ACTION COMMITTEE,,PRIMARY REPORT - 2026,8/13/2026,,0.0,-8431.68,,,,,
common_sense_republicans_for_wyoming__primary_report_2026__official_1.pdf,COMMON SENSE REPUBLICANS FOR WYOMING,,,POLITICAL ACTION COMMITTEE,,PRIMARY REPORT - 2026,8/11/2026,0.0,124107.0,-95360.27,-28746.73,0.0,-0.0,0.0,28746.73
communities_over_cuts_pac__primary_report_2026__official_1.pdf,COMMUNITIES OVER CUTS PAC,,,POLITICAL ACTION COMMITTEE,,PRIMARY REPORT - 2026,8/11/2026,0.0,5521.41,-389.56,-1704.34,0.0,-0.0,0.0,1704.34
compassionate_options_wyoming__non_election_year_odd_year_2026__official_1.pdf,COMPASSIONATE OPTIONS WYOMING,,,POLITICAL ACTION COMMITTEE,,NON ELECTION YEAR (ODD YEAR) - 2026,1/7/2026,0.0,0.0,-0.0,0.0,0.0,-0.0,0.0,0.0
conpac_contractors_pac__non_election_year_odd_year_2026__amendment_1.pdf,CONPAC CONTRACTORS PAC,,,POLITICAL ACTION COMMITTEE,,NON ELECTION YEAR (ODD YEAR) - 2026,6/29/2026,,0.0,-75.0,,,,,
conpac_contractors_pac__non_election_year_odd_year_2026__official_1.pdf,CONPAC CONTRACTORS PAC,,,POLITICAL ACTION COMMITTEE,,NON ELECTION YEAR (ODD YEAR) - 2026,12/31/2025,46896.22,17335.0,-1207.0,16128.0,-0.0,-75.0,75.0,62949.22
conpac_contractors_pac__primary_report_2026__official_1.pdf,CONPAC CONTRACTORS PAC,,,POLITICAL ACTION COMMITTEE,,PRIMARY REPORT - 2026,8/5/2026,62949.22,21382.0,-75079.15,-53697.15,-0.0,-0.0,0.0,9252.07
conservative_coalition_307__primary_report_2026__official_1.pdf,CONSERVATIVE COALITION 307,,,POLITICAL ACTION COMMITTEE,,PRIMARY REPORT - 2026,8/10/2026,0.0,52.27,-0.0,52.27,0.0,-0.0,0.0,52.27
conservative_roundup_pac__non_election_year_odd_year_2026__official_1.pdf,CONSERVATIVE ROUNDUP PAC,,,POLITICAL ACTION COMMITTEE,,NON ELECTION YEAR (ODD YEAR) - 2026,12/11/2025,891.81,0.0,-188.0,-188.0,0.0,-0.0,0.0,-703.81
conservative_roundup_pac__primary_report_2026__official_1.pdf,CONSERVATIVE ROUNDUP PAC,,,POLITICAL ACTION COMMITTEE,,PRIMARY REPORT - 2026,8/9/2026,703.81,0.0,-281.22,-281.22,0.0,-0.0,0.0,-422.59
conservatives_of_wyoming__non_election_year_odd_year_2026__official_1.pdf,CONSERVATIVES OF WYOMING,,,POLITICAL ACTION COMMITTEE,,NON ELECTION YEAR (ODD YEAR) - 2026,12/31/2025,4341.3,0.0,-1300.0,-1300.0,0.0,-0.0,0.0,3041.3
conservatives_of_wyoming__primary_report_2026__official_1.pdf,CONSERVATIVES OF WYOMING,,,POLITICAL ACTION COMMITTEE,,PRIMARY REPORT - 2026,8/12/2026,3041.3,0.0,-1000.0,-1000.0,0.0,-0.0,0.0,-2041.3
cottonwood_creek_conservative__primary_report_2026__official_1.pdf,COTTONWOOD CREEK CONSERVATIVE,,,POLITICAL ACTION COMMITTEE,,PRIMARY REPORT - 2026,8/11/2026,0.0,37376.75,-2000.0,35376.75,0.0,-0.0,0.0,35376.75
cowboy_freedom_pac__non_election_year_odd_year_2026__amendment_1.pdf,COWBOY FREEDOM PAC,,,POLITICAL ACTION COMMITTEE,,NON ELECTION YEAR (ODD YEAR) - 2026,8/12/2026,,0.0,-8416.77,,,,,
cowboy_freedom_pac__non_election_year_odd_year_2026__amendment_2.pdf,COWBOY FREEDOM PAC,,,POLITICAL ACTION COMMITTEE,,NON ELECTION YEAR (ODD YEAR) - 2026,8/5/2026,,7854.98,-0.0,,,,,
cowboy_freedom_pac__non_election_year_odd_year_2026__official_1.pdf,COWBOY FREEDOM PAC,,,POLITICAL ACTION COMMITTEE,,NON ELECTION YEAR (ODD YEAR) - 2026,12/24/2025,-2957.33,0.0,-0.0,0.0,7854.98,-8416.77,561.79,-3519.12
cowboy_freedom_pac__primary_report_2026__official_1.pdf,COWBOY FREEDOM PAC,,,POLITICAL ACTION COMMITTEE,,PRIMARY REPORT - 2026,8/5/2026,-3519.12,0.0,-0.0,0.0,0.0,-0.0,0.0,-3519.12
cowboy_games_pac__non_election_year_odd_year_2026__official_1.pdf,COWBOY GAMES PAC,,,POLITICAL ACTION COMMITTEE,,NON ELECTION YEAR (ODD YEAR) - 2026,12/31/2025,25979.91,0.0,-58.0,-58.0,0.0,-0.0,0.0,25921.91
cowboy_games_pac__primary_report_2026__official_1.pdf,COWBOY GAMES PAC,,,POLITICAL ACTION COMMITTEE,,PRIMARY REPORT - 2026,8/10/2026,25921.91,0.0,-80.0,-80.0,0.0,-0.0,0.0,-25841.91
credit_union_political_action_committee__non_election_year_odd_year_2026__amendment_1.pdf,CREDIT UNION POLITICAL ACTION COMMITTEE,,,POLITICAL ACTION COMMITTEE,,NON ELECTION YEAR (ODD YEAR) - 2026,1/12/2026,,146.67,-0.0,,,,,
credit_union_political_action_committee__non_election_year_odd_year_2026__official_1.pdf,CREDIT UNION POLITICAL ACTION COMMITTEE,,,POLITICAL ACTION COMMITTEE,,NON ELECTION YEAR (ODD YEAR) - 2026,12/31/2025,3226.04,16145.04,-1500.0,14645.04,-146.67,-0.0,146.67,18017.75
credit_union_political_action_committee__primary_report_2026__official_1.pdf,CREDIT UNION POLITICAL ACTION COMMITTEE,,,POLITICAL ACTION COMMITTEE,,PRIMARY REPORT - 2026,8/12/2026,18017.75,11531.89,-18900.0,-7368.11,-0.0,-0.0,0.0,10649.64
crook_county_republican_women__non_election_year_odd_year_2026__official_1.pdf,CROOK COUNTY REPUBLICAN WOMEN,,,POLITICAL ACTION COMMITTEE,,NON ELECTION YEAR (ODD YEAR) - 2026,12/30/2025,1700.8,4105.0,-1397.13,-2707.87,0.0,-0.0,0.0,4408.67
crook_county_republican_women__primary_report_2026__official_1.pdf,CROOK COUNTY REPUBLICAN WOMEN,,,POLITICAL ACTION COMMITTEE,,PRIMARY REPORT - 2026,8/12/2026,4408.67,1530.01,-4987.0,-3456.99,0.0,-0.0,0.0,951.68
defeating_communism_pac__primary_report_2026__official_1.pdf,DEFEATING COMMUNISM PAC,,,POLITICAL ACTION COMMITTEE,,PRIMARY REPORT - 2026,8/11/2026,0.0,0.0,-172647.9,-172647.9,0.0,-0.0,0.0,-172647.9
democratic_caucus_of_the_wyoming_legislature__non_election_year_odd_year_2026__official_1.pdf,DEMOCRATIC CAUCUS OF THE WYOMING LEGISLATURE,,,POLITICAL ACTION COMMITTEE,,NON ELECTION YEAR (ODD YEAR) - 2026,12/29/2025,6670.13,7189.32,-8292.67,-1103.35,0.0,-0.0,0.0,5566.78
democratic_caucus_of_the_wyoming_legislature__primary_report_2026__official_1.pdf,DEMOCRATIC CAUCUS OF THE WYOMING LEGISLATURE,,,POLITICAL ACTION COMMITTEE,,PRIMARY REPORT - 2026,8/11/2026,5566.78,14838.96,-0.0,14838.96,0.0,-0.0,0.0,20405.74
devon_energy_corporation_political_action_committee_dec_pac__non_election_year_odd_year_2026__amendment_1.pdf,DEVON ENERGY CORPORATION POLITICAL ACTION COMMITTEE (DEC PAC),,,POLITICAL ACTION COMMITTEE,,NON ELECTION YEAR (ODD YEAR) - 2026,8/10/2026,,0.0,-104079.34,,,,,
devon_energy_corporation_political_action_committee_dec_pac__non_election_year_odd_year_2026__amendment_2.pdf,DEVON ENERGY CORPORATION POLITICAL ACTION COMMITTEE (DEC PAC),,,POLITICAL ACTION COMMITTEE,,NON ELECTION YEAR (ODD YEAR) - 2026,1/9/2026,,528.7,-0.0,,,,,
devon_energy_corporation_political_action_committee_dec_pac__non_election_year_odd_year_2026__official_1.pdf,DEVON ENERGY CORPORATION POLITICAL ACTION COMMITTEE (DEC PAC),,,POLITICAL ACTION COMMITTEE,,NON ELECTION YEAR (ODD YEAR) - 2026,12/23/2025,88558.86,193524.81,-97079.34,96445.47,528.7,-7000.0,6471.3,178533.03
devon_energy_corporation_political_action_committee_dec_pac__primary_report_2026__official_1.pdf,DEVON ENERGY CORPORATION POLITICAL ACTION COMMITTEE (DEC PAC),,,POLITICAL ACTION COMMITTEE,,PRIMARY REPORT - 2026,8/10/2026,178533.03,143609.0,-96518.76,47090.24,0.0,-0.0,0.0,225623.27
dinos_for_green__non_election_year_odd_year_2026__amendment_1.pdf,DINOS FOR GREEN,,,POLITICAL ACTION COMMITTEE,,NON ELECTION YEAR (ODD YEAR) - 2026,8/12/2026,,0.0,-25.15,,,,,
dinos_for_green__non_election_year_odd_year_2026__official_1.pdf,DINOS FOR GREEN,,,POLITICAL ACTION COMMITTEE,,NON ELECTION YEAR (ODD YEAR) - 2026,1/7/2026,0.0,200.0,-25.0,175.0,0.0,-0.0,0.0,175.0
docs4wy_pac__non_election_year_odd_year_2026__official_1.pdf,DOCS4WY PAC,,,POLITICAL ACTION COMMITTEE,,NON ELECTION YEAR (ODD YEAR) - 2026,12/14/2025,3892.18,2283.88,-47.8,1504.4,0.0,-0.0,0.0,5396.58
docs4wy_pac__primary_report_2026__official_1.pdf,DOCS4WY PAC,,,POLITICAL ACTION COMMITTEE,,PRIMARY REPORT - 2026,8/9/2026,5396.58,4447.44,-2094.6,1560.8,0.0,-0.0,0.0,6957.38
farmers_employee_agent_wyoming_pac__non_election_year_odd_year_2026__official_1.pdf,FARMERS EMPLOYEE & AGENT WYOMING PAC,,,POLITICAL ACTION COMMITTEE,,NON ELECTION YEAR (ODD YEAR) - 2026,12/23/2025,20753.42,0.0,-689.83,-689.83,0.0,-0.0,0.0,20063.59
farmers_employee_agent_wyoming_pac__primary_report_2026__official_1.pdf,FARMERS EMPLOYEE & AGENT WYOMING PAC,,,POLITICAL ACTION COMMITTEE,,PRIMARY REPORT - 2026,8/10/2026,20063.59,0.0,-402.68,-402.68,0.0,-0.0,0.0,-19660.91
farmers_union_rural_pac__non_election_year_odd_year_2026__official_1.pdf,FARMERS UNION RURAL PAC,,,POLITICAL ACTION COMMITTEE,,NON ELECTION YEAR (ODD YEAR) - 2026,12/12/2025,0.0,0.0,-0.0,0.0,0.0,-0.0,0.0,-0.0
farmers_union_rural_pac__primary_report_2026__official_1.pdf,FARMERS UNION RURAL PAC,,,POLITICAL ACTION COMMITTEE,,PRIMARY REPORT - 2026,8/5/2026,0.0,500.0,-0.0,500.0,0.0,-0.0,0.0,500.0
fffwy_fire_pac__non_election_year_odd_year_2026__official_1.pdf,FFFWY FIRE PAC,,,POLITICAL ACTION COMMITTEE,,NON ELECTION YEAR (ODD YEAR) - 2026,12/30/2025,-17880.52,5542.25,-5771.26,-229.01,0.0,-0.0,0.0,-18109.53
fffwy_fire_pac__primary_report_2026__official_1.pdf,FFFWY FIRE PAC,,,POLITICAL ACTION COMMITTEE,,PRIMARY REPORT - 2026,8/8/2026,-18109.53,4158.0,-3000.0,1158.0,0.0,-0.0,0.0,-16951.53
fight_wyoming_fight__primary_report_2026__official_1.pdf,FIGHT WYOMING FIGHT,,,POLITICAL ACTION COMMITTEE,,PRIMARY REPORT - 2026,8/11/2026,0.0,388000.0,-326396.72,61603.28,0.0,-0.0,0.0,61603.28
forward_fremont_county__non_election_year_odd_year_2026__official_1.pdf,FORWARD FREMONT COUNTY,,,POLITICAL ACTION COMMITTEE,,NON ELECTION YEAR (ODD YEAR) - 2026,12/30/2025,0.0,0.0,-0.0,0.0,0.0,-0.0,0.0,-0.0
forward_fremont_county__primary_report_2026__official_1.pdf,FORWARD FREMONT COUNTY,,,POLITICAL ACTION COMMITTEE,,PRIMARY REPORT - 2026,8/10/2026,0.0,70110.05,-68557.34,-1552.71,0.0,-0.0,0.0,1552.71
friends_of_brent_bien__primary_report_2026__official_1.pdf,FRIENDS OF BRENT BIEN,,,POLITICAL ACTION COMMITTEE,,PRIMARY REPORT - 2026,8/11/2026,0.0,15365.0,-17594.0,-2229.0,0.0,-0.0,0.0,-2229.0
future307__non_election_year_odd_year_2026__official_1.pdf,FUTURE307,,,POLITICAL ACTION COMMITTEE,,NON ELECTION YEAR (ODD YEAR) - 2026,12/29/2025,1749.51,0.0,-406.0,-406.0,0.0,-0.0,0.0,1343.51
future307__primary_report_2026__official_1.pdf,FUTURE307,,,POLITICAL ACTION COMMITTEE,,PRIMARY REPORT - 2026,8/10/2026,1343.51,0.0,-1343.51,-1343.51,0.0,-0.0,0.0,0.0
hdr_inc_employee_owners_pac__non_election_year_odd_year_2026__official_1.pdf,"HDR, INC. EMPLOYEE OWNERS PAC",,,POLITICAL ACTION COMMITTEE,,NON ELECTION YEAR (ODD YEAR) - 2026,12/31/2025,1500765.67,959196.49,-914476.57,44719.92,-0.0,-0.0,0.0,1545485.59
hdr_inc_employee_owners_pac__primary_report_2026__official_1.pdf,"HDR, INC. EMPLOYEE OWNERS PAC",,,POLITICAL ACTION COMMITTEE,,PRIMARY REPORT - 2026,8/11/2026,1545485.59,555445.38,-445436.55,110008.83,0.0,-0.0,0.0,1655494.42
healthcare_freedom_pac__non_election_year_odd_year_2026__official_1.pdf,HEALTHCARE FREEDOM PAC,,,POLITICAL ACTION COMMITTEE,,NON ELECTION YEAR (ODD YEAR) - 2026,1/9/2026,0.0,0.0,-0.0,0.0,0.0,-0.0,0.0,-0.0
healthcare_freedom_pac__primary_report_2026__official_1.pdf,HEALTHCARE FREEDOM PAC,,,POLITICAL ACTION COMMITTEE,,PRIMARY REPORT - 2026,8/6/2026,0.0,0.0,-0.0,0.0,0.0,-0.0,0.0,-0.0
hf_sinclair_political_action_committee_dino_pac__primary_report_2026__official_1.pdf,HF SINCLAIR POLITICAL ACTION COMMITTEE (DINO PAC),,,POLITICAL ACTION COMMITTEE,,PRIMARY REPORT - 2026,8/11/2026,0.0,176253.9,-93825.0,82428.9,0.0,-0.0,0.0,82428.9
house_republican_caucus__non_election_year_odd_year_2026__official_1.pdf,HOUSE REPUBLICAN CAUCUS,,,POLITICAL ACTION COMMITTEE,,NON ELECTION YEAR (ODD YEAR) - 2026,12/29/2025,-1279.45,300.0,-0.0,300.0,0.0,-0.0,0.0,-979.45
house_republican_caucus__primary_report_2026__official_1.pdf,HOUSE REPUBLICAN CAUCUS,,,POLITICAL ACTION COMMITTEE,,PRIMARY REPORT - 2026,8/12/2026,-979.45,0.0,-0.0,0.0,0.0,-0.0,0.0,-979.45
i_believe_in_republican_principles_pac__non_election_year_odd_year_2026__official_1.pdf,I BELIEVE IN REPUBLICAN PRINCIPLES PAC,,,POLITICAL ACTION COMMITTEE,,NON ELECTION YEAR (ODD YEAR) - 2026,12/17/2025,0.0,0.0,-0.0,0.0,0.0,-0.0,0.0,0.0
i_believe_in_republican_principles_pac__primary_report_2026__official_1.pdf,I BELIEVE IN REPUBLICAN PRINCIPLES PAC,,,POLITICAL ACTION COMMITTEE,,PRIMARY REPORT - 2026,8/9/2026,0.0,0.0,-0.0,0.0,0.0,-0.0,0.0,0.0
ifa_pac_wyoming__non_election_year_odd_year_2026__official_1.pdf,IFA PAC - WYOMING,,,POLITICAL ACTION COMMITTEE,,NON ELECTION YEAR (ODD YEAR) - 2026,12/29/2025,72062.21,1263.2,-0.0,1263.2,0.0,-0.0,0.0,73325.41
ifa_pac_wyoming__primary_report_2026__official_1.pdf,IFA PAC - WYOMING,,,POLITICAL ACTION COMMITTEE,,PRIMARY REPORT - 2026,8/4/2026,73325.41,336.0,-0.0,336.0,0.0,-0.0,0.0,73661.41
internat_l_brotherhood_of_elec_workers_322__non_election_year_odd_year_2026__official_1.pdf,INTERNAT'L BROTHERHOOD OF ELEC. WORKERS #322,,,POLITICAL ACTION COMMITTEE,,NON ELECTION YEAR (ODD YEAR) - 2026,12/9/2025,1095.07,0.69,-0.0,0.69,0.0,-0.0,-0.0,1095.76
internat_l_brotherhood_of_elec_workers_322__primary_report_2026__official_1.pdf,INTERNAT'L BROTHERHOOD OF ELEC. WORKERS #322,,,POLITICAL ACTION COMMITTEE,,PRIMARY REPORT - 2026,8/6/2026,1095.76,0.46,-0.0,0.46,0.0,-0.0,-0.0,1096.22
jackson_hole_professional_firefighters_pac__non_election_year_odd_year_2026__official_1.pdf,JACKSON HOLE PROFESSIONAL FIREFIGHTERS PAC,,,POLITICAL ACTION COMMITTEE,,NON ELECTION YEAR (ODD YEAR) - 2026,12/24/2025,100.0,0.0,-0.0,0.0,0.0,-0.0,0.0,100.0
jackson_hole_professional_firefighters_pac__primary_report_2026__official_1.pdf,JACKSON HOLE PROFESSIONAL FIREFIGHTERS PAC,,,POLITICAL ACTION COMMITTEE,,PRIMARY REPORT - 2026,8/13/2026,100.0,0.0,-0.0,0.0,0.0,-0.0,0.0,-100.0
keep_wyoming_working__primary_report_2026__official_1.pdf,KEEP WYOMING WORKING,,,POLITICAL ACTION COMMITTEE,,PRIMARY REPORT - 2026,8/12/2026,0.0,250000.0,-228534.0,21466.0,0.0,-0.0,0.0,21466.0
lawyers_active_in_wy_pac_lawpac__non_election_year_odd_year_2026__amendment_1.pdf,LAWYERS ACTIVE IN WY PAC (LAWPAC),,,POLITICAL ACTION COMMITTEE,,NON ELECTION YEAR (ODD YEAR) - 2026,8/11/2026,,2228.17,-0.0,,,,,
lawyers_active_in_wy_pac_lawpac__non_election_year_odd_year_2026__official_1.pdf,LAWYERS ACTIVE IN WY PAC (LAWPAC),,,POLITICAL ACTION COMMITTEE,,NON ELECTION YEAR (ODD YEAR) - 2026,12/15/2025,-397.68,14889.37,-0.0,14889.37,2228.17,-0.0,2228.17,16719.86
lawyers_active_in_wy_pac_lawpac__primary_report_2026__official_1.pdf,LAWYERS ACTIVE IN WY PAC (LAWPAC),,,POLITICAL ACTION COMMITTEE,,PRIMARY REPORT - 2026,8/11/2026,16719.86,50385.02,-66000.0,-15614.98,0.0,-0.0,0.0,1104.88
lp4u_pac__non_election_year_odd_year_2026__official_1.pdf,LP4U PAC,,,POLITICAL ACTION COMMITTEE,,NON ELECTION YEAR (ODD YEAR) - 2026,1/2/2026,-128.09,13459.22,-2724.2,-10735.02,0.0,-0.0,0.0,10606.93
lp4u_pac__primary_report_2026__official_1.pdf,LP4U PAC,,,POLITICAL ACTION COMMITTEE,,PRIMARY REPORT - 2026,8/11/2026,10606.93,47.94,-10023.3,-9975.36,0.0,-0.0,0.0,631.57
make_liberty_win__non_election_year_odd_year_2026__official_1.pdf,MAKE LIBERTY WIN,,,POLITICAL ACTION COMMITTEE,,NON ELECTION YEAR (ODD YEAR) - 2026,12/31/2025,0.0,0.0,-0.0,0.0,0.0,-0.0,0.0,0.0
make_liberty_win__primary_report_2026__official_1.pdf,MAKE LIBERTY WIN,,,POLITICAL ACTION COMMITTEE,,PRIMARY REPORT - 2026,8/11/2026,0.0,562605.0,-549144.22,13460.78,0.0,-0.0,0.0,13460.78
marathon_petroleum_corporation_employees_political_action_committee_mpac__non_election_year_odd_year_2026__official_1.pdf,MARATHON PETROLEUM CORPORATION EMPLOYEES POLITICAL ACTION COMMITTEE (MPAC),,,POLITICAL ACTION COMMITTEE,,NON ELECTION YEAR (ODD YEAR) - 2026,12/30/2025,569435.97,705187.84,-684884.41,20303.43,0.0,-0.0,0.0,589739.4
marathon_petroleum_corporation_employees_political_action_committee_mpac__primary_report_2026__official_1.pdf,MARATHON PETROLEUM CORPORATION EMPLOYEES POLITICAL ACTION COMMITTEE (MPAC),,,POLITICAL ACTION COMMITTEE,,PRIMARY REPORT - 2026,8/11/2026,589739.4,403781.89,-463388.94,-59607.05,0.0,-0.0,0.0,530132.35
mills_fire_pac__non_election_year_odd_year_2026__official_1.pdf,MILLS FIRE PAC,,,POLITICAL ACTION COMMITTEE,,NON ELECTION YEAR (ODD YEAR) - 2026,12/10/2025,2932.33,0.0,-0.0,0.0,0.0,-0.0,0.0,-2932.33
mills_fire_pac__primary_report_2026__official_1.pdf,MILLS FIRE PAC,,,POLITICAL ACTION COMMITTEE,,PRIMARY REPORT - 2026,8/10/2026,2932.33,0.0,-0.0,0.0,0.0,-0.0,0.0,-2932.33
mom_s_for_parental_rights__non_election_year_odd_year_2026__official_1.pdf,MOM'S FOR PARENTAL RIGHTS,,,POLITICAL ACTION COMMITTEE,,NON ELECTION YEAR (ODD YEAR) - 2026,12/5/2025,0.0,0.0,-0.0,0.0,0.0,-0.0,0.0,-0.0
mom_s_for_parental_rights__primary_report_2026__official_1.pdf,MOM'S FOR PARENTAL RIGHTS,,,POLITICAL ACTION COMMITTEE,,PRIMARY REPORT - 2026,8/5/2026,0.0,0.0,-0.0,0.0,0.0,-0.0,0.0,-0.0
motorola_solutions_inc_pac__non_election_year_odd_year_2026__official_1.pdf,"MOTOROLA SOLUTIONS, INC. PAC",,,POLITICAL ACTION COMMITTEE,,NON ELECTION YEAR (ODD YEAR) - 2026,12/30/2025,0.0,658715.92,-529095.0,129620.92,0.0,-0.0,0.0,129620.92
motorola_solutions_inc_pac__primary_report_2026__official_1.pdf,"MOTOROLA SOLUTIONS, INC. PAC",,,POLITICAL ACTION COMMITTEE,,PRIMARY REPORT - 2026,8/10/2026,129620.92,329338.72,-413100.0,-83761.28,0.0,-0.0,0.0,45859.64
national_wildlife_federation_action_fund_wy_political_committee__primary_report_2026__official_1.pdf,NATIONAL WILDLIFE FEDERATION ACTION FUND WY POLITICAL COMMITTEE,,,POLITICAL ACTION COMMITTEE,,PRIMARY REPORT - 2026,8/10/2026,0.0,21284.35,-21284.35,0.0,0.0,-0.0,0.0,0.0
nra_political_victory_fund__non_election_year_odd_year_2026__official_1.pdf,NRA POLITICAL VICTORY FUND,,,POLITICAL ACTION COMMITTEE,,NON ELECTION YEAR (ODD YEAR) - 2026,12/31/2025,0.0,0.0,-0.0,0.0,0.0,-0.0,0.0,0.0
nra_political_victory_fund__primary_report_2026__official_1.pdf,NRA POLITICAL VICTORY FUND,,,POLITICAL ACTION COMMITTEE,,PRIMARY REPORT - 2026,8/11/2026,0.0,0.0,-0.0,0.0,0.0,-0.0,0.0,0.0
oneok_inc_employee_political_action_committee__non_election_year_odd_year_2026__amendment_1.pdf,ONEOK INC. EMPLOYEE POLITICAL ACTION COMMITTEE,,,POLITICAL ACTION COMMITTEE,,NON ELECTION YEAR (ODD YEAR) - 2026,3/30/2026,,147895.61,-108584.0,,,,,
oneok_inc_employee_political_action_committee__non_election_year_odd_year_2026__official_1.pdf,ONEOK INC. EMPLOYEE POLITICAL ACTION COMMITTEE,,,POLITICAL ACTION COMMITTEE,,NON ELECTION YEAR (ODD YEAR) - 2026,12/22/2025,136615.11,137307.31,-118370.5,18936.81,12188.3,-9286.5,21474.8,177026.72
oneok_inc_employee_political_action_committee__primary_report_2026__official_1.pdf,ONEOK INC. EMPLOYEE POLITICAL ACTION COMMITTEE,,,POLITICAL ACTION COMMITTEE,,PRIMARY REPORT - 2026,8/11/2026,177026.72,110959.84,-104084.5,6875.34,0.0,-0.0,0.0,183902.06
pac_for_a_better_wyoming__primary_report_2026__amendment_1.pdf,PAC FOR A BETTER WYOMING,,,POLITICAL ACTION COMMITTEE,,PRIMARY REPORT - 2026,8/12/2026,,0.0,-130.0,,,,,
pac_for_a_better_wyoming__primary_report_2026__amendment_2.pdf,PAC FOR A BETTER WYOMING,,,POLITICAL ACTION COMMITTEE,,PRIMARY REPORT - 2026,8/12/2026,,0.0,-130.0,,,,,
pac_for_a_better_wyoming__primary_report_2026__amendment_3.pdf,PAC FOR A BETTER WYOMING,,,POLITICAL ACTION COMMITTEE,,PRIMARY REPORT - 2026,8/12/2026,,0.0,-130.0,,,,,
pac_for_a_better_wyoming__primary_report_2026__official_1.pdf,PAC FOR A BETTER WYOMING,,,POLITICAL ACTION COMMITTEE,,PRIMARY REPORT - 2026,8/11/2026,0.0,455000.11,-190901.35,264098.76,-0.0,-0.0,0.0,264098.76
pacificorp_pacific_power_rocky_mountain_power_political_action_committee__non_election_year_odd_year_2026__amendment_1.pdf,PACIFICORP-PACIFIC POWER/ ROCKY MOUNTAIN POWER POLITICAL ACTION COMMITTEE,,,POLITICAL ACTION COMMITTEE,,NON ELECTION YEAR (ODD YEAR) - 2026,8/11/2026,,0.0,-0.0,,,,,
pacificorp_pacific_power_rocky_mountain_power_political_action_committee__non_election_year_odd_year_2026__amendment_2.pdf,PACIFICORP-PACIFIC POWER/ ROCKY MOUNTAIN POWER POLITICAL ACTION COMMITTEE,,,POLITICAL ACTION COMMITTEE,,NON ELECTION YEAR (ODD YEAR) - 2026,8/10/2026,,481.5,-1000.0,,,,,
pacificorp_pacific_power_rocky_mountain_power_political_action_committee__non_election_year_odd_year_2026__amendment_3.pdf,PACIFICORP-PACIFIC POWER/ ROCKY MOUNTAIN POWER POLITICAL ACTION COMMITTEE,,,POLITICAL ACTION COMMITTEE,,NON ELECTION YEAR (ODD YEAR) - 2026,8/5/2026,,0.0,-0.0,,,,,
pacificorp_pacific_power_rocky_mountain_power_political_action_committee__non_election_year_odd_year_2026__official_1.pdf,PACIFICORP-PACIFIC POWER/ ROCKY MOUNTAIN POWER POLITICAL ACTION COMMITTEE,,,POLITICAL ACTION COMMITTEE,,NON ELECTION YEAR (ODD YEAR) - 2026,12/25/2025,-6350.0,1000.0,-0.0,1000.0,530.5,-1000.0,1530.5,-6880.5
pacificorp_pacific_power_rocky_mountain_power_political_action_committee__primary_report_2026__official_1.pdf,PACIFICORP-PACIFIC POWER/ ROCKY MOUNTAIN POWER POLITICAL ACTION COMMITTEE,,,POLITICAL ACTION COMMITTEE,,PRIMARY REPORT - 2026,8/10/2026,-6880.5,385.0,-17750.0,-17365.0,0.0,-0.0,0.0,-24245.5
patient_coalition__non_election_year_odd_year_2026__official_1.pdf,PATIENT COALITION,,,POLITICAL ACTION COMMITTEE,,NON ELECTION YEAR (ODD YEAR) - 2026,1/8/2026,0.0,0.0,-0.0,0.0,0.0,-0.0,0.0,0.0
paw_political_action_council__non_election_year_odd_year_2026__official_1.pdf,PAW POLITICAL ACTION COUNCIL,,,POLITICAL ACTION COMMITTEE,,NON ELECTION YEAR (ODD YEAR) - 2026,12/9/2025,3427.86,250.0,-2.0,248.0,0.0,-0.0,0.0,3675.86
paw_political_action_council__primary_report_2026__official_1.pdf,PAW POLITICAL ACTION COUNCIL,,,POLITICAL ACTION COMMITTEE,,PRIMARY REPORT - 2026,8/10/2026,3675.86,3850.0,-7218.37,-3368.37,0.0,-0.0,0.0,307.49
people_for_honest_politics__non_election_year_odd_year_2026__official_1.pdf,PEOPLE FOR HONEST POLITICS,,,POLITICAL ACTION COMMITTEE,,NON ELECTION YEAR (ODD YEAR) - 2026,1/2/2026,1975.11,0.0,-0.0,0.0,0.0,-0.0,0.0,1975.11
people_for_honest_politics__primary_report_2026__official_1.pdf,PEOPLE FOR HONEST POLITICS,,,POLITICAL ACTION COMMITTEE,,PRIMARY REPORT - 2026,8/7/2026,1975.11,15405.0,-174.0,15231.0,0.0,-0.0,0.0,17206.11
plumbers_pipefitters_local_192_pac__non_election_year_odd_year_2026__amendment_1.pdf,PLUMBERS & PIPEFITTERS LOCAL 192 PAC,,,POLITICAL ACTION COMMITTEE,,NON ELECTION YEAR (ODD YEAR) - 2026,1/21/2026,,575.89,-28.8,,,,,
plumbers_pipefitters_local_192_pac__non_election_year_odd_year_2026__official_1.pdf,PLUMBERS & PIPEFITTERS LOCAL 192 PAC,,,POLITICAL ACTION COMMITTEE,,NON ELECTION YEAR (ODD YEAR) - 2026,12/17/2025,-3967.36,1435.99,-127.92,1308.07,-575.89,-28.8,547.09,-2112.2
plumbers_pipefitters_local_192_pac__primary_report_2026__official_1.pdf,PLUMBERS & PIPEFITTERS LOCAL 192 PAC,,,POLITICAL ACTION COMMITTEE,,PRIMARY REPORT - 2026,8/10/2026,-2112.2,3132.71,-2785.0,347.71,0.0,-0.0,0.0,-1764.49
prosperity_and_commerce_pac__non_election_year_odd_year_2026__official_1.pdf,PROSPERITY AND COMMERCE PAC,,,POLITICAL ACTION COMMITTEE,,NON ELECTION YEAR (ODD YEAR) - 2026,12/26/2025,37046.49,203800.0,-24178.95,179621.05,0.0,-0.0,0.0,216667.54
prosperity_and_commerce_pac__primary_report_2026__official_1.pdf,PROSPERITY AND COMMERCE PAC,,,POLITICAL ACTION COMMITTEE,,PRIMARY REPORT - 2026,8/12/2026,216667.54,101500.0,-210271.91,-108771.91,0.0,-0.0,0.0,107895.63
protect_wyoming__non_election_year_odd_year_2026__official_1.pdf,PROTECT WYOMING,,,POLITICAL ACTION COMMITTEE,,NON ELECTION YEAR (ODD YEAR) - 2026,12/31/2025,0.0,0.0,-0.0,0.0,0.0,-0.0,0.0,0.0
protect_wyoming__primary_report_2026__official_1.pdf,PROTECT WYOMING,,,POLITICAL ACTION COMMITTEE,,PRIMARY REPORT - 2026,8/11/2026,0.0,48815.39,-25276.69,21789.7,0.0,-0.0,0.0,21789.7
republican_women_of_fremont_county_pac__non_election_year_odd_year_2026__official_1.pdf,REPUBLICAN WOMEN OF FREMONT COUNTY PAC,,,POLITICAL ACTION COMMITTEE,,NON ELECTION YEAR (ODD YEAR) - 2026,12/30/2025,14343.98,7187.45,-6582.45,-605.0,0.0,-0.0,0.0,14948.98
republican_women_of_fremont_county_pac__primary_report_2026__official_1.pdf,REPUBLICAN WOMEN OF FREMONT COUNTY PAC,,,POLITICAL ACTION COMMITTEE,,PRIMARY REPORT - 2026,8/14/2026,14948.98,12551.27,-5318.0,7233.27,0.0,-0.0,0.0,22182.25
rick_martin_candidate_for_albany_county_gop_chairman__non_election_year_odd_year_2026__official_1.pdf,"RICK MARTIN, CANDIDATE FOR ALBANY COUNTY GOP CHAIRMAN",,,POLITICAL ACTION COMMITTEE,,NON ELECTION YEAR (ODD YEAR) - 2026,12/19/2025,0.0,0.0,-0.0,0.0,0.0,-0.0,0.0,0.0
right_for_wyoming__non_election_year_odd_year_2026__official_1.pdf,RIGHT FOR WYOMING,,,POLITICAL ACTION COMMITTEE,,NON ELECTION YEAR (ODD YEAR) - 2026,12/4/2025,1675.0,0.0,-0.0,0.0,0.0,-0.0,0.0,-1675.0
right_for_wyoming__primary_report_2026__official_1.pdf,RIGHT FOR WYOMING,,,POLITICAL ACTION COMMITTEE,,PRIMARY REPORT - 2026,8/4/2026,1675.0,0.0,-0.0,0.0,0.0,-0.0,0.0,-1675.0
school_freedom_fund__primary_report_2026__official_1.pdf,SCHOOL FREEDOM FUND,,,POLITICAL ACTION COMMITTEE,,PRIMARY REPORT - 2026,8/11/2026,0.0,0.0,-609529.27,-609529.27,0.0,-0.0,0.0,-609529.27
state_freedom_caucus_action__non_election_year_odd_year_2026__official_1.pdf,STATE FREEDOM CAUCUS ACTION,,,POLITICAL ACTION COMMITTEE,,NON ELECTION YEAR (ODD YEAR) - 2026,1/9/2026,0.0,0.0,-0.0,0.0,0.0,-0.0,0.0,0.0
state_freedom_caucus_action__primary_report_2026__official_1.pdf,STATE FREEDOM CAUCUS ACTION,,,POLITICAL ACTION COMMITTEE,,PRIMARY REPORT - 2026,8/12/2026,0.0,0.0,-0.0,0.0,0.0,-0.0,0.0,-0.0
strong_schools_strong_community__primary_report_2026__official_1.pdf,STRONG SCHOOLS STRONG COMMUNITY,,,POLITICAL ACTION COMMITTEE,,PRIMARY REPORT - 2026,8/12/2026,0.0,500.0,-0.0,500.0,0.0,-0.0,0.0,500.0
team_wyoming__non_election_year_odd_year_2026__official_1.pdf,TEAM WYOMING,,,POLITICAL ACTION COMMITTEE,,NON ELECTION YEAR (ODD YEAR) - 2026,12/16/2025,8500.0,14000.0,-18781.0,-4781.0,0.0,-0.0,0.0,3719.0
team_wyoming__primary_report_2026__official_1.pdf,TEAM WYOMING,,,POLITICAL ACTION COMMITTEE,,PRIMARY REPORT - 2026,8/12/2026,3719.0,53000.0,-45400.0,7600.0,-0.0,-0.0,0.0,11319.0
the_cigna_group_employee_political_action_committee_2026__non_election_year_odd_year_2026__amendment_1.pdf,THE CIGNA GROUP EMPLOYEE POLITICAL ACTION COMMITTEE-2026,,,POLITICAL ACTION COMMITTEE,,NON ELECTION YEAR (ODD YEAR) - 2026,8/11/2026,,9246.0,-0.0,,,,,
the_cigna_group_employee_political_action_committee_2026__non_election_year_odd_year_2026__official_1.pdf,THE CIGNA GROUP EMPLOYEE POLITICAL ACTION COMMITTEE-2026,,,POLITICAL ACTION COMMITTEE,,NON ELECTION YEAR (ODD YEAR) - 2026,12/30/2025,0.0,1822449.33,-1398361.0,424088.33,9246.0,-0.0,9246.0,433334.33
the_cigna_group_employee_political_action_committee_2026__primary_report_2026__official_1.pdf,THE CIGNA GROUP EMPLOYEE POLITICAL ACTION COMMITTEE-2026,,,POLITICAL ACTION COMMITTEE,,PRIMARY REPORT - 2026,8/11/2026,433334.33,831159.15,-869930.0,-38770.85,0.0,-0.0,0.0,394563.48
tremco_cpg_inc_pac_dba_tremco_pac__primary_report_2026__official_1.pdf,TREMCO CPG INC PAC DBA TREMCO PAC,,,POLITICAL ACTION COMMITTEE,,PRIMARY REPORT - 2026,8/6/2026,0.0,28784.53,-20854.58,7929.95,0.0,-0.0,0.0,7929.95
trucking_industry_pac__non_election_year_odd_year_2026__official_1.pdf,TRUCKING INDUSTRY PAC,,,POLITICAL ACTION COMMITTEE,,NON ELECTION YEAR (ODD YEAR) - 2026,12/9/2025,-7637.48,1210.0,-565.0,645.0,0.0,-0.0,0.0,-6992.48
trucking_industry_pac__primary_report_2026__official_1.pdf,TRUCKING INDUSTRY PAC,,,POLITICAL ACTION COMMITTEE,,PRIMARY REPORT - 2026,8/7/2026,-6992.48,1274.93,-395.0,879.93,0.0,-0.0,0.0,-6112.55
union_pacific_corp_fund_for_effective_government__non_election_year_odd_year_2026__amendment_1.pdf,UNION PACIFIC CORP. FUND FOR EFFECTIVE GOVERNMENT,,,POLITICAL ACTION COMMITTEE,,NON ELECTION YEAR (ODD YEAR) - 2026,2/13/2026,,1057533.1,-1062000.0,,,,,
union_pacific_corp_fund_for_effective_government__non_election_year_odd_year_2026__official_1.pdf,UNION PACIFIC CORP. FUND FOR EFFECTIVE GOVERNMENT,,,POLITICAL ACTION COMMITTEE,,NON ELECTION YEAR (ODD YEAR) - 2026,12/31/2025,449951.64,975965.67,-1075450.0,-99484.33,85654.65,-3500.0,89154.65,439621.96
union_pacific_corp_fund_for_effective_government__primary_report_2026__official_1.pdf,UNION PACIFIC CORP. FUND FOR EFFECTIVE GOVERNMENT,,,POLITICAL ACTION COMMITTEE,,PRIMARY REPORT - 2026,8/11/2026,439621.96,618019.69,-677050.0,-59030.31,0.0,-0.0,0.0,380591.65
united_steelworkers_political_action_fund__primary_report_2026__official_1.pdf,UNITED STEELWORKERS POLITICAL ACTION FUND,,,POLITICAL ACTION COMMITTEE,,PRIMARY REPORT - 2026,8/11/2026,0.0,5000.0,-5000.0,0.0,0.0,-0.0,0.0,0.0
vote_no_on_prop_1__primary_report_2026__official_1.pdf,VOTE NO ON PROP 1,,,POLITICAL ACTION COMMITTEE,,PRIMARY REPORT - 2026,8/7/2026,0.0,55195.57,-36659.0,13341.0,-0.0,-0.0,0.0,13341.0
way_back_pac__non_election_year_odd_year_2026__official_1.pdf,WAY BACK PAC,,,POLITICAL ACTION COMMITTEE,,NON ELECTION YEAR (ODD YEAR) - 2026,12/31/2025,390019.87,1152510.0,-756490.25,396019.75,0.0,-0.0,0.0,786039.62
way_back_pac__primary_report_2026__official_1.pdf,WAY BACK PAC,,,POLITICAL ACTION COMMITTEE,,PRIMARY REPORT - 2026,8/11/2026,786039.62,6092823.26,-5785770.86,307052.4,0.0,-0.0,0.0,1093092.02
wcfl_pac__primary_report_2026__official_1.pdf,WCFL PAC,,,POLITICAL ACTION COMMITTEE,,PRIMARY REPORT - 2026,8/10/2026,0.0,13582.31,-9176.84,3600.47,0.0,-0.0,0.0,3600.47
we_are_norml__non_election_year_odd_year_2026__official_1.pdf,WE ARE NORML,,,POLITICAL ACTION COMMITTEE,,NON ELECTION YEAR (ODD YEAR) - 2026,1/5/2026,369.9,0.0,-0.0,0.0,0.0,-0.0,0.0,-369.9
we_the_people_wyoming__non_election_year_odd_year_2026__official_1.pdf,WE THE PEOPLE WYOMING,,,POLITICAL ACTION COMMITTEE,,NON ELECTION YEAR (ODD YEAR) - 2026,12/23/2025,20.0,819.0,-30.0,789.0,0.0,-0.0,-0.0,809.0
we_the_people_wyoming__primary_report_2026__official_1.pdf,WE THE PEOPLE WYOMING,,,POLITICAL ACTION COMMITTEE,,PRIMARY REPORT - 2026,8/10/2026,809.0,1758.0,-2000.0,-242.0,0.0,-0.0,0.0,567.0
weakest_gazelle__non_election_year_odd_year_2026__official_1.pdf,WEAKEST GAZELLE,,,POLITICAL ACTION COMMITTEE,,NON ELECTION YEAR (ODD YEAR) - 2026,12/19/2025,0.0,0.0,-0.0,0.0,0.0,-0.0,0.0,0.0
weakest_gazelle__primary_report_2026__official_1.pdf,WEAKEST GAZELLE,,,POLITICAL ACTION COMMITTEE,,PRIMARY REPORT - 2026,8/4/2026,0.0,0.0,-0.0,0.0,0.0,-0.0,0.0,-0.0
women_to_elect_republicans__non_election_year_odd_year_2026__official_1.pdf,WOMEN TO ELECT REPUBLICANS,,,POLITICAL ACTION COMMITTEE,,NON ELECTION YEAR (ODD YEAR) - 2026,12/15/2025,192.65,0.0,-0.0,0.0,0.0,-0.0,0.0,-192.65
women_to_elect_republicans__primary_report_2026__official_1.pdf,WOMEN TO ELECT REPUBLICANS,,,POLITICAL ACTION COMMITTEE,,PRIMARY REPORT - 2026,8/12/2026,192.65,0.0,-0.0,0.0,0.0,-0.0,0.0,-192.65
workers_help_in_politics__non_election_year_odd_year_2026__official_1.pdf,WORKERS' HELP IN POLITICS,,,POLITICAL ACTION COMMITTEE,,NON ELECTION YEAR (ODD YEAR) - 2026,12/31/2025,18058.36,14938.13,-2329.33,12608.8,0.0,-0.0,0.0,30667.16
workers_help_in_politics__primary_report_2026__official_1.pdf,WORKERS' HELP IN POLITICS,,,POLITICAL ACTION COMMITTEE,,PRIMARY REPORT - 2026,8/10/2026,30667.16,16662.0,-20314.52,-3652.52,0.0,-0.0,0.0,27014.64
wsew_committee_on_political_education__non_election_year_odd_year_2026__official_1.pdf,WSEW COMMITTEE ON POLITICAL EDUCATION,,,POLITICAL ACTION COMMITTEE,,NON ELECTION YEAR (ODD YEAR) - 2026,12/9/2025,602.3,0.0,-18.0,-18.0,0.0,-0.0,0.0,-584.3
wsew_committee_on_political_education__primary_report_2026__official_1.pdf,WSEW COMMITTEE ON POLITICAL EDUCATION,,,POLITICAL ACTION COMMITTEE,,PRIMARY REPORT - 2026,8/6/2026,584.3,0.0,-12.0,-12.0,0.0,-0.0,0.0,-572.3
wy_chiropractic_association_pac__non_election_year_odd_year_2026__official_1.pdf,WY CHIROPRACTIC ASSOCIATION PAC,,,POLITICAL ACTION COMMITTEE,,NON ELECTION YEAR (ODD YEAR) - 2026,12/11/2025,9030.0,0.0,-0.0,0.0,0.0,-0.0,0.0,-9030.0
wy_chiropractic_association_pac__primary_report_2026__official_1.pdf,WY CHIROPRACTIC ASSOCIATION PAC,,,POLITICAL ACTION COMMITTEE,,PRIMARY REPORT - 2026,8/7/2026,9030.0,0.0,-0.0,0.0,0.0,-0.0,0.0,-9030.0
wy_education_assn_pac_for_education__non_election_year_odd_year_2026__official_1.pdf,WY EDUCATION ASSN. PAC FOR EDUCATION,,,POLITICAL ACTION COMMITTEE,,NON ELECTION YEAR (ODD YEAR) - 2026,12/10/2025,92950.98,11955.92,-0.0,11955.92,0.0,-0.0,0.0,104906.9
wy_education_assn_pac_for_education__primary_report_2026__official_1.pdf,WY EDUCATION ASSN. PAC FOR EDUCATION,,,POLITICAL ACTION COMMITTEE,,PRIMARY REPORT - 2026,8/11/2026,104906.9,6452.88,-56250.0,-49797.12,0.0,-0.0,0.0,55109.78
wy_freedom_pac__non_election_year_odd_year_2026__official_1.pdf,WY FREEDOM PAC,,,POLITICAL ACTION COMMITTEE,,NON ELECTION YEAR (ODD YEAR) - 2026,12/30/2025,32442.2,76950.0,-70655.94,6294.06,0.0,-0.0,0.0,38736.26
wy_freedom_pac__primary_report_2026__official_1.pdf,WY FREEDOM PAC,,,POLITICAL ACTION COMMITTEE,,PRIMARY REPORT - 2026,8/10/2026,38736.26,296500.0,-223635.77,72864.23,0.0,-0.0,0.0,111600.49
wy_funeral_directors_assn_pac__non_election_year_odd_year_2026__official_1.pdf,WY FUNERAL DIRECTORS ASSN. PAC,,,POLITICAL ACTION COMMITTEE,,NON ELECTION YEAR (ODD YEAR) - 2026,12/16/2025,789.19,0.0,-0.0,0.0,0.0,-0.0,0.0,-789.19
wy_funeral_directors_assn_pac__primary_report_2026__official_1.pdf,WY FUNERAL DIRECTORS ASSN. PAC,,,POLITICAL ACTION COMMITTEE,,PRIMARY REPORT - 2026,8/10/2026,789.19,0.0,-0.0,0.0,0.0,-0.0,0.0,789.19
wy_public_employees_assn_pac__non_election_year_odd_year_2026__official_1.pdf,WY PUBLIC EMPLOYEES ASSN. PAC,,,POLITICAL ACTION COMMITTEE,,NON ELECTION YEAR (ODD YEAR) - 2026,12/30/2025,4662.53,10358.41,-817.34,9541.07,-0.0,-0.0,0.0,14203.6
wy_public_employees_assn_pac__primary_report_2026__official_1.pdf,WY PUBLIC EMPLOYEES ASSN. PAC,,,POLITICAL ACTION COMMITTEE,,PRIMARY REPORT - 2026,8/10/2026,14203.6,5479.26,-9850.0,-4370.74,0.0,-0.0,0.0,9832.86
wy_realtors_pac__non_election_year_odd_year_2026__official_1.pdf,WY REALTORS PAC,,,POLITICAL ACTION COMMITTEE,,NON ELECTION YEAR (ODD YEAR) - 2026,1/2/2026,571542.47,110475.5,-0.0,110475.5,0.0,-0.0,0.0,682017.97
wy_realtors_pac__primary_report_2026__official_1.pdf,WY REALTORS PAC,,,POLITICAL ACTION COMMITTEE,,PRIMARY REPORT - 2026,8/11/2026,682017.97,30059.7,-142500.0,-112440.3,0.0,-0.0,0.0,569577.67
wy_rural_electric_assn_pac__non_election_year_odd_year_2026__official_1.pdf,WY RURAL ELECTRIC ASSN. PAC,,,POLITICAL ACTION COMMITTEE,,NON ELECTION YEAR (ODD YEAR) - 2026,1/5/2026,2212.41,5023.41,-78.25,4945.16,0.0,-0.0,0.0,7157.57
wy_rural_electric_assn_pac__primary_report_2026__official_1.pdf,WY RURAL ELECTRIC ASSN. PAC,,,POLITICAL ACTION COMMITTEE,,PRIMARY REPORT - 2026,8/10/2026,7157.57,2302.97,-7417.8,-5114.83,0.0,-0.0,0.0,2042.74
wy_veterinary_medical_assn_pac__non_election_year_odd_year_2026__official_1.pdf,WY VETERINARY MEDICAL ASSN. PAC,,,POLITICAL ACTION COMMITTEE,,NON ELECTION YEAR (ODD YEAR) - 2026,10/16/2025,12931.48,920.0,-0.0,920.0,0.0,-0.0,0.0,13851.48
wy_veterinary_medical_assn_pac__primary_report_2026__official_1.pdf,WY VETERINARY MEDICAL ASSN. PAC,,,POLITICAL ACTION COMMITTEE,,PRIMARY REPORT - 2026,8/12/2026,13851.48,1310.0,-0.0,1310.0,0.0,-0.0,0.0,15161.48
wydd__non_election_year_odd_year_2026__official_1.pdf,WYDD,,,POLITICAL ACTION COMMITTEE,,NON ELECTION YEAR (ODD YEAR) - 2026,12/19/2025,4766.83,498.0,-3920.69,-3422.69,0.0,-0.0,-0.0,1344.14
wydd__primary_report_2026__official_1.pdf,WYDD,,,POLITICAL ACTION COMMITTEE,,PRIMARY REPORT - 2026,8/11/2026,1344.14,0.0,-1615.76,-1615.76,0.0,-0.0,0.0,-271.62
wyo_cpa_pac__non_election_year_odd_year_2026__official_1.pdf,WYO CPA - PAC,,,POLITICAL ACTION COMMITTEE,,NON ELECTION YEAR (ODD YEAR) - 2026,12/12/2025,1350.0,0.0,-0.0,0.0,0.0,-0.0,0.0,1350.0
wyo_cpa_pac__primary_report_2026__official_1.pdf,WYO CPA - PAC,,,POLITICAL ACTION COMMITTEE,,PRIMARY REPORT - 2026,8/7/2026,1350.0,0.0,-0.0,0.0,0.0,-0.0,0.0,1350.0
wyo_d_pac__non_election_year_odd_year_2026__official_1.pdf,WYO-D-PAC,,,POLITICAL ACTION COMMITTEE,,NON ELECTION YEAR (ODD YEAR) - 2026,12/16/2025,7795.43,4560.1,-0.0,4560.1,0.0,-0.0,0.0,12355.53
wyo_d_pac__primary_report_2026__official_1.pdf,WYO-D-PAC,,,POLITICAL ACTION COMMITTEE,,PRIMARY REPORT - 2026,8/7/2026,12355.53,4560.0,-15350.0,-10790.0,0.0,-0.0,0.0,1565.53
wyo_ei__non_election_year_odd_year_2026__official_1.pdf,WYO-EI,,,POLITICAL ACTION COMMITTEE,,NON ELECTION YEAR (ODD YEAR) - 2026,1/2/2026,370.0,0.0,-0.0,0.0,0.0,-0.0,0.0,-370.0
wyo_energy__primary_report_2026__official_1.pdf,WYO ENERGY,,,POLITICAL ACTION COMMITTEE,,PRIMARY REPORT - 2026,8/11/2026,0.0,80314.44,-80314.44,0.0,0.0,-0.0,0.0,0.0
wyo_for_business__primary_report_2026__official_1.pdf,WYO FOR BUSINESS,,,POLITICAL ACTION COMMITTEE,,PRIMARY REPORT - 2026,8/11/2026,0.0,109595.0,-31971.67,-77528.33,0.0,-0.0,0.0,77528.33
wyo_liberty__non_election_year_odd_year_2026__official_1.pdf,WYO LIBERTY,,,POLITICAL ACTION COMMITTEE,,NON ELECTION YEAR (ODD YEAR) - 2026,1/7/2026,0.0,0.0,-0.0,0.0,0.0,-0.0,0.0,0.0
wyo_pac_wyoming_medical_pac__non_election_year_odd_year_2026__amendment_1.pdf,WYO PAC (WYOMING MEDICAL PAC),,,POLITICAL ACTION COMMITTEE,,NON ELECTION YEAR (ODD YEAR) - 2026,12/30/2025,,100.0,-0.0,,,,,
wyo_pac_wyoming_medical_pac__non_election_year_odd_year_2026__official_1.pdf,WYO PAC (WYOMING MEDICAL PAC),,,POLITICAL ACTION COMMITTEE,,NON ELECTION YEAR (ODD YEAR) - 2026,12/19/2025,13302.19,1299.96,-64.3,1235.66,100.0,-0.0,100.0,14637.85
wyo_pac_wyoming_medical_pac__primary_report_2026__amendment_1.pdf,WYO PAC (WYOMING MEDICAL PAC),,,POLITICAL ACTION COMMITTEE,,PRIMARY REPORT - 2026,8/11/2026,,0.0,-2000.0,,,,,
wyo_pac_wyoming_medical_pac__primary_report_2026__amendment_2.pdf,WYO PAC (WYOMING MEDICAL PAC),,,POLITICAL ACTION COMMITTEE,,PRIMARY REPORT - 2026,8/8/2026,,300.0,-12.3,,,,,
wyo_pac_wyoming_medical_pac__primary_report_2026__official_1.pdf,WYO PAC (WYOMING MEDICAL PAC),,,POLITICAL ACTION COMMITTEE,,PRIMARY REPORT - 2026,8/4/2026,14637.85,908.31,-2514.6,-1606.29,300.0,-2012.3,1712.3,11319.26
wyoming_bankers_association_bank_pac__non_election_year_odd_year_2026__official_1.pdf,WYOMING BANKERS ASSOCIATION BANK PAC,,,POLITICAL ACTION COMMITTEE,,NON ELECTION YEAR (ODD YEAR) - 2026,12/29/2025,73639.76,23979.34,-10500.0,-13479.34,0.0,-0.0,0.0,87119.1
wyoming_bankers_association_bank_pac__primary_report_2026__official_1.pdf,WYOMING BANKERS ASSOCIATION BANK PAC,,,POLITICAL ACTION COMMITTEE,,PRIMARY REPORT - 2026,8/7/2026,87119.1,19545.67,-16250.0,3295.67,-0.0,-0.0,0.0,90414.77
wyoming_business_alliance_political_action_committee__primary_report_2026__official_1.pdf,WYOMING BUSINESS ALLIANCE POLITICAL ACTION COMMITTEE,,,POLITICAL ACTION COMMITTEE,,PRIMARY REPORT - 2026,8/11/2026,0.0,212350.0,-163906.78,48443.22,-0.0,-0.0,0.0,48443.22
wyoming_caucus_pac__non_election_year_odd_year_2026__official_1.pdf,WYOMING CAUCUS PAC,,,POLITICAL ACTION COMMITTEE,,NON ELECTION YEAR (ODD YEAR) - 2026,12/30/2025,8398.78,0.0,-20.0,-20.0,0.0,-0.0,0.0,8378.78
wyoming_conservative_caucus__non_election_year_odd_year_2026__official_1.pdf,WYOMING CONSERVATIVE CAUCUS,,,POLITICAL ACTION COMMITTEE,,NON ELECTION YEAR (ODD YEAR) - 2026,1/5/2026,0.0,0.0,-0.0,0.0,0.0,-0.0,0.0,-0.0
wyoming_conservative_caucus__primary_report_2026__official_1.pdf,WYOMING CONSERVATIVE CAUCUS,,,POLITICAL ACTION COMMITTEE,,PRIMARY REPORT - 2026,8/11/2026,0.0,5541.02,-6064.14,-523.12,0.0,-0.0,0.0,-523.12
wyoming_conservative_women__non_election_year_odd_year_2026__official_1.pdf,WYOMING CONSERVATIVE WOMEN,,,POLITICAL ACTION COMMITTEE,,NON ELECTION YEAR (ODD YEAR) - 2026,12/18/2025,100666.04,0.0,-5038.75,-5038.75,0.0,-0.0,0.0,-95627.29
wyoming_conservative_women__primary_report_2026__official_1.pdf,WYOMING CONSERVATIVE WOMEN,,,POLITICAL ACTION COMMITTEE,,PRIMARY REPORT - 2026,8/11/2026,95627.29,0.0,-95000.0,-95000.0,0.0,-0.0,0.0,627.29
wyoming_energy_forum_pac__non_election_year_odd_year_2026__official_1.pdf,WYOMING ENERGY FORUM PAC,,,POLITICAL ACTION COMMITTEE,,NON ELECTION YEAR (ODD YEAR) - 2026,12/29/2025,0.0,0.0,-0.0,0.0,0.0,-0.0,0.0,-0.0
wyoming_energy_forum_pac__primary_report_2026__official_1.pdf,WYOMING ENERGY FORUM PAC,,,POLITICAL ACTION COMMITTEE,,PRIMARY REPORT - 2026,8/11/2026,0.0,0.0,-0.0,0.0,0.0,-0.0,0.0,-0.0
wyoming_first_pac__non_election_year_odd_year_2026__official_1.pdf,WYOMING FIRST PAC,,,POLITICAL ACTION COMMITTEE,,NON ELECTION YEAR (ODD YEAR) - 2026,1/2/2026,0.0,0.0,-0.0,0.0,0.0,-0.0,0.0,0.0
wyoming_for_everyone__primary_report_2026__official_1.pdf,WYOMING FOR EVERYONE,,,POLITICAL ACTION COMMITTEE,,PRIMARY REPORT - 2026,8/13/2026,0.0,0.0,-0.0,0.0,0.0,-0.0,0.0,0.0
wyoming_hospital_association_pac__non_election_year_odd_year_2026__official_1.pdf,WYOMING HOSPITAL ASSOCIATION PAC,,,POLITICAL ACTION COMMITTEE,,NON ELECTION YEAR (ODD YEAR) - 2026,12/31/2025,72747.48,23055.0,-8762.5,14292.5,0.0,-0.0,0.0,87039.98
wyoming_hospital_association_pac__primary_report_2026__official_1.pdf,WYOMING HOSPITAL ASSOCIATION PAC,,,POLITICAL ACTION COMMITTEE,,PRIMARY REPORT - 2026,8/11/2026,87039.98,13000.0,-32950.0,-19950.0,0.0,-0.0,0.0,67089.98
wyoming_hospitality_and_travel_coalition_pac__non_election_year_odd_year_2026__official_1.pdf,WYOMING HOSPITALITY AND TRAVEL COALITION PAC,,,POLITICAL ACTION COMMITTEE,,NON ELECTION YEAR (ODD YEAR) - 2026,1/5/2026,8310.83,0.0,-2000.0,-2000.0,0.0,-0.0,0.0,-6310.83
wyoming_hospitality_and_travel_coalition_pac__primary_report_2026__official_1.pdf,WYOMING HOSPITALITY AND TRAVEL COALITION PAC,,,POLITICAL ACTION COMMITTEE,,PRIMARY REPORT - 2026,8/10/2026,6310.83,37675.53,-30000.0,7675.53,0.0,-0.0,0.0,13986.36
wyoming_law_enforcement_in_action__non_election_year_odd_year_2026__official_1.pdf,WYOMING LAW ENFORCEMENT IN ACTION,,,POLITICAL ACTION COMMITTEE,,NON ELECTION YEAR (ODD YEAR) - 2026,1/9/2026,0.0,0.0,-0.0,0.0,0.0,-0.0,0.0,0.0
wyoming_legislative_leadership_campaign_committee__non_election_year_odd_year_2026__official_1.pdf,WYOMING LEGISLATIVE LEADERSHIP CAMPAIGN COMMITTEE,,,POLITICAL ACTION COMMITTEE,,NON ELECTION YEAR (ODD YEAR) - 2026,1/20/2026,0.0,0.0,-0.0,0.0,0.0,-0.0,0.0,-0.0
wyoming_mining_association_pac_wma__non_election_year_odd_year_2026__official_1.pdf,WYOMING MINING ASSOCIATION PAC (WMA),,,POLITICAL ACTION COMMITTEE,,NON ELECTION YEAR (ODD YEAR) - 2026,12/15/2025,21385.29,11470.0,-500.0,-10970.0,0.0,-0.0,0.0,32355.29
wyoming_mining_association_pac_wma__primary_report_2026__official_1.pdf,WYOMING MINING ASSOCIATION PAC (WMA),,,POLITICAL ACTION COMMITTEE,,PRIMARY REPORT - 2026,8/11/2026,32355.29,22535.0,-33000.0,-10465.0,0.0,-0.0,0.0,21890.29
wyoming_neighbors_pac__primary_report_2026__official_1.pdf,WYOMING NEIGHBORS PAC,,,POLITICAL ACTION COMMITTEE,,PRIMARY REPORT - 2026,8/11/2026,0.0,1693.0,-669.0,1024.0,0.0,-0.0,0.0,1024.0
wyoming_petroleum_marketers_political_action_committee__non_election_year_odd_year_2026__official_1.pdf,WYOMING PETROLEUM MARKETERS POLITICAL ACTION COMMITTEE,,,POLITICAL ACTION COMMITTEE,,NON ELECTION YEAR (ODD YEAR) - 2026,12/30/2025,3289.21,0.0,-0.0,0.0,0.0,-0.0,0.0,3289.21
wyoming_petroleum_marketers_political_action_committee__primary_report_2026__official_1.pdf,WYOMING PETROLEUM MARKETERS POLITICAL ACTION COMMITTEE,,,POLITICAL ACTION COMMITTEE,,PRIMARY REPORT - 2026,8/4/2026,3289.21,0.0,-0.0,0.0,0.0,-0.0,0.0,3289.21
wyoming_right_to_choose_pac__non_election_year_odd_year_2026__official_1.pdf,WYOMING RIGHT TO CHOOSE PAC,,,POLITICAL ACTION COMMITTEE,,NON ELECTION YEAR (ODD YEAR) - 2026,12/24/2025,4419.37,2139.25,-88.28,2050.97,0.0,-0.0,0.0,6470.34
wyoming_right_to_choose_pac__primary_report_2026__official_1.pdf,WYOMING RIGHT TO CHOOSE PAC,,,POLITICAL ACTION COMMITTEE,,PRIMARY REPORT - 2026,8/8/2026,6470.34,6477.18,-3767.65,2709.53,0.0,-0.0,0.0,9179.87
wyoming_s_turn_pac__primary_report_2026__official_1.pdf,WYOMING'S TURN PAC,,,POLITICAL ACTION COMMITTEE,,PRIMARY REPORT - 2026,8/11/2026,0.0,1543550.0,-1448384.51,95165.49,0.0,-0.0,0.0,95165.49
wyoming_state_senate_republican_conference__non_election_year_odd_year_2026__official_1.pdf,WYOMING STATE SENATE REPUBLICAN CONFERENCE,,,POLITICAL ACTION COMMITTEE,,NON ELECTION YEAR (ODD YEAR) - 2026,1/8/2026,3964.6,2600.0,-0.0,2600.0,0.0,-0.0,0.0,6564.6
wyoming_state_senate_republican_conference__primary_report_2026__official_1.pdf,WYOMING STATE SENATE REPUBLICAN CONFERENCE,,,POLITICAL ACTION COMMITTEE,,PRIMARY REPORT - 2026,8/12/2026,6564.6,0.0,-658.54,-658.54,0.0,-0.0,0.0,5906.06
wyoming_stock_growers_ag_pac__non_election_year_odd_year_2026__official_1.pdf,WYOMING STOCK GROWERS' AG PAC,,,POLITICAL ACTION COMMITTEE,,NON ELECTION YEAR (ODD YEAR) - 2026,12/22/2025,28660.68,0.0,-2000.0,-2000.0,0.0,-0.0,0.0,26660.68
wyoming_stock_growers_ag_pac__primary_report_2026__official_1.pdf,WYOMING STOCK GROWERS' AG PAC,,,POLITICAL ACTION COMMITTEE,,PRIMARY REPORT - 2026,8/11/2026,26660.68,19565.0,-21120.35,-1555.35,0.0,-0.0,0.0,25105.33
wyoming_stockmen_for_liberty__non_election_year_odd_year_2026__official_1.pdf,WYOMING STOCKMEN FOR LIBERTY,,,POLITICAL ACTION COMMITTEE,,NON ELECTION YEAR (ODD YEAR) - 2026,12/8/2025,9050.62,3915.0,-145.0,3770.0,0.0,-0.0,0.0,12820.62
wyoming_stockmen_for_liberty__primary_report_2026__official_1.pdf,WYOMING STOCKMEN FOR LIBERTY,,,POLITICAL ACTION COMMITTEE,,PRIMARY REPORT - 2026,8/10/2026,12820.62,7100.0,-15687.0,-8587.0,0.0,-0.0,0.0,4233.62
wyoming_way_pac__non_election_year_odd_year_2026__official_1.pdf,WYOMING WAY PAC,,,POLITICAL ACTION COMMITTEE,,NON ELECTION YEAR (ODD YEAR) - 2026,12/26/2025,6782.25,0.0,-1550.25,-1550.25,0.0,-0.0,0.0,5232.0
wyoming_way_pac__primary_report_2026__official_1.pdf,WYOMING WAY PAC,,,POLITICAL ACTION COMMITTEE,,PRIMARY REPORT - 2026,8/11/2026,5232.0,0.0,-14.0,-14.0,0.0,-0.0,0.0,5218.0
young_democrats_of_wyoming__non_election_year_odd_year_2026__official_1.pdf,YOUNG DEMOCRATS OF WYOMING,,,POLITICAL ACTION COMMITTEE,,NON ELECTION YEAR (ODD YEAR) - 2026,1/8/2026,1683.51,0.0,-0.0,0.0,0.0,-0.0,0.0,-1683.51
youth_for_truth__non_election_year_odd_year_2026__official_1.pdf,YOUTH FOR TRUTH,,,POLITICAL ACTION COMMITTEE,,NON ELECTION YEAR (ODD YEAR) - 2026,1/1/2026,200.0,0.0,-0.0,0.0,0.0,-0.0,0.0,200.0
