account_name,account_type,filing_type,reporting_period,row_ordinal,pdf_file
2022 TEST COMMITTEE,CANDIDATE COMMITTEE,OFFICIAL,NON ELECTION YEAR (ODD YEAR) - 2026,1,2022_test_committee__non_election_year_odd_year_2026__official_1.pdf
"AAGARD, JAMES ADDISON",CANDIDATE,OFFICIAL,PRIMARY REPORT - 2026,1,aagard_james_addison__primary_report_2026__official_1.pdf
"ALLEMAND, BILL JAMES",CANDIDATE,OFFICIAL,PRIMARY REPORT - 2026,1,allemand_bill_james__primary_report_2026__official_1.pdf
ALLEN HOGG FOR WYOMING,CANDIDATE COMMITTEE,OFFICIAL,PRIMARY REPORT - 2026,1,allen_hogg_for_wyoming__primary_report_2026__official_1.pdf
"ALLEN, ANTHONY L JR",CANDIDATE,OFFICIAL,PRIMARY REPORT - 2026,1,allen_anthony_l_jr__primary_report_2026__official_1.pdf
ANA 4 WYOMING,CANDIDATE COMMITTEE,OFFICIAL,PRIMARY REPORT - 2026,1,ana_4_wyoming__primary_report_2026__official_1.pdf
"ANDREW, OCEAN",CANDIDATE,OFFICIAL,PRIMARY REPORT - 2026,1,andrew_ocean__primary_report_2026__official_1.pdf
ANGELOS FOR WYOMING,CANDIDATE COMMITTEE,OFFICIAL,PRIMARY REPORT - 2026,1,angelos_for_wyoming__primary_report_2026__official_1.pdf
ANN LUCAS 4 WYOMING,CANDIDATE COMMITTEE,OFFICIAL,PRIMARY REPORT - 2026,1,ann_lucas_4_wyoming__primary_report_2026__official_1.pdf
ANN LUCAS 4 WYOMING,CANDIDATE COMMITTEE,OFFICIAL,NON ELECTION YEAR (ODD YEAR) - 2026,1,ann_lucas_4_wyoming__non_election_year_odd_year_2026__official_1.pdf
"ASAY, LEVI",CANDIDATE,OFFICIAL,PRIMARY REPORT - 2026,1,asay_levi__primary_report_2026__official_1.pdf
"BANKS, DALTON",CANDIDATE,OFFICIAL,PRIMARY REPORT - 2026,1,banks_dalton__primary_report_2026__official_1.pdf
BARLOW FOR WYOMING,CANDIDATE COMMITTEE,OFFICIAL,PRIMARY REPORT - 2026,1,barlow_for_wyoming__primary_report_2026__official_1.pdf
BARLOW FOR WYOMING,CANDIDATE COMMITTEE,OFFICIAL,NON ELECTION YEAR (ODD YEAR) - 2026,1,barlow_for_wyoming__non_election_year_odd_year_2026__official_1.pdf
BECKER COMMITTEE,CANDIDATE COMMITTEE,OFFICIAL,PRIMARY REPORT - 2026,1,becker_committee__primary_report_2026__official_1.pdf
BEN HORNOK FOR WY,CANDIDATE COMMITTEE,OFFICIAL,PRIMARY REPORT - 2026,1,ben_hornok_for_wy__primary_report_2026__official_1.pdf
BEN HORNOK FOR WYOMING,CANDIDATE COMMITTEE,OFFICIAL,PRIMARY REPORT - 2026,1,ben_hornok_for_wyoming__primary_report_2026__official_1.pdf
BEN HORNOK FOR WYOMING,CANDIDATE COMMITTEE,AMENDMENT,NON ELECTION YEAR (ODD YEAR) - 2026,1,ben_hornok_for_wyoming__non_election_year_odd_year_2026__amendment_1.pdf
BEN HORNOK FOR WYOMING,CANDIDATE COMMITTEE,OFFICIAL,NON ELECTION YEAR (ODD YEAR) - 2026,1,ben_hornok_for_wyoming__non_election_year_odd_year_2026__official_1.pdf
BIGELOW FOR HD51,CANDIDATE COMMITTEE,OFFICIAL,PRIMARY REPORT - 2026,1,bigelow_for_hd51__primary_report_2026__official_1.pdf
BINGHAM FOR WYOMING,CANDIDATE COMMITTEE,OFFICIAL,PRIMARY REPORT - 2026,1,bingham_for_wyoming__primary_report_2026__official_1.pdf
"BIRT, ROY",CANDIDATE,OFFICIAL,PRIMARY REPORT - 2026,1,birt_roy__primary_report_2026__official_1.pdf
BITEMAN FOR WYOMING,CANDIDATE COMMITTEE,OFFICIAL,PRIMARY REPORT - 2026,1,biteman_for_wyoming__primary_report_2026__official_1.pdf
BITEMAN FOR WYOMING,CANDIDATE COMMITTEE,OFFICIAL,NON ELECTION YEAR (ODD YEAR) - 2026,1,biteman_for_wyoming__non_election_year_odd_year_2026__official_1.pdf
"BOYER, PETER",CANDIDATE,AMENDMENT,PRIMARY REPORT - 2026,1,boyer_peter__primary_report_2026__amendment_1.pdf
"BOYER, PETER",CANDIDATE,OFFICIAL,PRIMARY REPORT - 2026,1,boyer_peter__primary_report_2026__official_1.pdf
"BRADY, MARLENE",CANDIDATE,AMENDMENT,PRIMARY REPORT - 2026,1,brady_marlene__primary_report_2026__amendment_1.pdf
"BRADY, MARLENE",CANDIDATE,OFFICIAL,PRIMARY REPORT - 2026,1,brady_marlene__primary_report_2026__official_1.pdf
BRENNAN FOR SENATE,CANDIDATE COMMITTEE,OFFICIAL,NON ELECTION YEAR (ODD YEAR) - 2026,1,brennan_for_senate__non_election_year_odd_year_2026__official_1.pdf
BRENT BIEN FOR GOVERNOR,CANDIDATE COMMITTEE,OFFICIAL,PRIMARY REPORT - 2026,1,brent_bien_for_governor__primary_report_2026__official_1.pdf
BRENT BIEN FOR GOVERNOR,CANDIDATE COMMITTEE,OFFICIAL,NON ELECTION YEAR (ODD YEAR) - 2026,1,brent_bien_for_governor__non_election_year_odd_year_2026__official_1.pdf
"BROWN, EXIE R JR",CANDIDATE,OFFICIAL,PRIMARY REPORT - 2026,1,brown_exie_r_jr__primary_report_2026__official_1.pdf
BUTCHER FOR WYOMING,CANDIDATE COMMITTEE,OFFICIAL,PRIMARY REPORT - 2026,1,butcher_for_wyoming__primary_report_2026__official_1.pdf
"BYRON, ANDREW",CANDIDATE,OFFICIAL,PRIMARY REPORT - 2026,1,byron_andrew__primary_report_2026__official_1.pdf
CAMPAIGN TO ELECT PHIL CHRISTOPHERSON,CANDIDATE COMMITTEE,OFFICIAL,NON ELECTION YEAR (ODD YEAR) - 2026,1,campaign_to_elect_phil_christopherson__non_election_year_odd_year_2026__official_1.pdf
"CAMPBELL, KEVIN JOHN",CANDIDATE,OFFICIAL,PRIMARY REPORT - 2026,1,campbell_kevin_john__primary_report_2026__official_1.pdf
CARLIN JONES FOR WYOMING,CANDIDATE COMMITTEE,AMENDMENT,PRIMARY REPORT - 2026,1,carlin_jones_for_wyoming__primary_report_2026__amendment_1.pdf
CARLIN JONES FOR WYOMING,CANDIDATE COMMITTEE,AMENDMENT,PRIMARY REPORT - 2026,2,carlin_jones_for_wyoming__primary_report_2026__amendment_2.pdf
CARLIN JONES FOR WYOMING,CANDIDATE COMMITTEE,OFFICIAL,PRIMARY REPORT - 2026,1,carlin_jones_for_wyoming__primary_report_2026__official_1.pdf
"CASE, CALE",CANDIDATE,OFFICIAL,PRIMARY REPORT - 2026,1,case_cale__primary_report_2026__official_1.pdf
"CASNER, KENNETH R",CANDIDATE,OFFICIAL,PRIMARY REPORT - 2026,1,casner_kenneth_r__primary_report_2026__official_1.pdf
CHAD AUER FOR WYOMING,CANDIDATE COMMITTEE,OFFICIAL,PRIMARY REPORT - 2026,1,chad_auer_for_wyoming__primary_report_2026__official_1.pdf
CHAD STEPHENS FOR HOUSE DISTRICT 19,CANDIDATE COMMITTEE,OFFICIAL,PRIMARY REPORT - 2026,1,chad_stephens_for_house_district_19__primary_report_2026__official_1.pdf
CHESTEK FOR HD 13,CANDIDATE COMMITTEE,OFFICIAL,PRIMARY REPORT - 2026,1,chestek_for_hd_13__primary_report_2026__official_1.pdf
CHESTEK FOR HD 13,CANDIDATE COMMITTEE,OFFICIAL,NON ELECTION YEAR (ODD YEAR) - 2026,1,chestek_for_hd_13__non_election_year_odd_year_2026__official_1.pdf
COALITION FOR CLEM,CANDIDATE COMMITTEE,OFFICIAL,NON ELECTION YEAR (ODD YEAR) - 2026,1,coalition_for_clem__non_election_year_odd_year_2026__official_1.pdf
COALITION TO ELECT JOHN BEAR,CANDIDATE COMMITTEE,OFFICIAL,PRIMARY REPORT - 2026,1,coalition_to_elect_john_bear__primary_report_2026__official_1.pdf
COALITION TO ELECT JOHN BEAR,CANDIDATE COMMITTEE,OFFICIAL,NON ELECTION YEAR (ODD YEAR) - 2026,1,coalition_to_elect_john_bear__non_election_year_odd_year_2026__official_1.pdf
COLGROVE FOR HD57,CANDIDATE COMMITTEE,OFFICIAL,PRIMARY REPORT - 2026,1,colgrove_for_hd57__primary_report_2026__official_1.pdf
COMITTEE TO ELECT MIKE GIERAU SENATE,CANDIDATE COMMITTEE,OFFICIAL,NON ELECTION YEAR (ODD YEAR) - 2026,1,comittee_to_elect_mike_gierau_senate__non_election_year_odd_year_2026__official_1.pdf
COMMITEE TO ELECT KIMBERLY BARTLETT,CANDIDATE COMMITTEE,OFFICIAL,PRIMARY REPORT - 2026,1,commitee_to_elect_kimberly_bartlett__primary_report_2026__official_1.pdf
COMMITEE TO ELECT KIMBERLY BARTLETT,CANDIDATE COMMITTEE,OFFICIAL,NON ELECTION YEAR (ODD YEAR) - 2026,1,commitee_to_elect_kimberly_bartlett__non_election_year_odd_year_2026__official_1.pdf
COMMITEE TO ELECT TROY MCKEOWN,CANDIDATE COMMITTEE,OFFICIAL,PRIMARY REPORT - 2026,1,commitee_to_elect_troy_mckeown__primary_report_2026__official_1.pdf
COMMITEE TO ELECT TROY MCKEOWN,CANDIDATE COMMITTEE,OFFICIAL,NON ELECTION YEAR (ODD YEAR) - 2026,1,commitee_to_elect_troy_mckeown__non_election_year_odd_year_2026__official_1.pdf
COMMITTEE TO ELECT ABBY ANGELOS FOR HOUSE,CANDIDATE COMMITTEE,OFFICIAL,PRIMARY REPORT - 2026,1,committee_to_elect_abby_angelos_for_house__primary_report_2026__official_1.pdf
COMMITTEE TO ELECT ABBY ANGELOS FOR HOUSE,CANDIDATE COMMITTEE,OFFICIAL,NON ELECTION YEAR (ODD YEAR) - 2026,1,committee_to_elect_abby_angelos_for_house__non_election_year_odd_year_2026__official_1.pdf
COMMITTEE TO ELECT ALAN SHELDON,CANDIDATE COMMITTEE,OFFICIAL,NON ELECTION YEAR (ODD YEAR) - 2026,1,committee_to_elect_alan_sheldon__non_election_year_odd_year_2026__official_1.pdf
COMMITTEE TO ELECT ANNE ZIEGENHORN,CANDIDATE COMMITTEE,OFFICIAL,PRIMARY REPORT - 2026,1,committee_to_elect_anne_ziegenhorn__primary_report_2026__official_1.pdf
COMMITTEE TO ELECT BOB DAVIS,CANDIDATE COMMITTEE,OFFICIAL,PRIMARY REPORT - 2026,1,committee_to_elect_bob_davis__primary_report_2026__official_1.pdf
COMMITTEE TO ELECT BOYD O. WIGGAM,CANDIDATE COMMITTEE,OFFICIAL,PRIMARY REPORT - 2026,1,committee_to_elect_boyd_o_wiggam__primary_report_2026__official_1.pdf
COMMITTEE TO ELECT BRIAN BONER,CANDIDATE COMMITTEE,OFFICIAL,NON ELECTION YEAR (ODD YEAR) - 2026,1,committee_to_elect_brian_boner__non_election_year_odd_year_2026__official_1.pdf
COMMITTEE TO ELECT BRITNEY TENNANT,CANDIDATE COMMITTEE,OFFICIAL,PRIMARY REPORT - 2026,1,committee_to_elect_britney_tennant__primary_report_2026__official_1.pdf
COMMITTEE TO ELECT BRYCE REECE SD28,CANDIDATE COMMITTEE,OFFICIAL,PRIMARY REPORT - 2026,1,committee_to_elect_bryce_reece_sd28__primary_report_2026__official_1.pdf
COMMITTEE TO ELECT BRYCE REECE SD28,CANDIDATE COMMITTEE,AMENDMENT,NON ELECTION YEAR (ODD YEAR) - 2026,1,committee_to_elect_bryce_reece_sd28__non_election_year_odd_year_2026__amendment_1.pdf
COMMITTEE TO ELECT BRYCE REECE SD28,CANDIDATE COMMITTEE,OFFICIAL,NON ELECTION YEAR (ODD YEAR) - 2026,1,committee_to_elect_bryce_reece_sd28__non_election_year_odd_year_2026__official_1.pdf
COMMITTEE TO ELECT CARMEN WHITEHEAD,CANDIDATE COMMITTEE,OFFICIAL,NON ELECTION YEAR (ODD YEAR) - 2026,1,committee_to_elect_carmen_whitehead__non_election_year_odd_year_2026__official_1.pdf
COMMITTEE TO ELECT CAT URBIGKIT,CANDIDATE COMMITTEE,OFFICIAL,PRIMARY REPORT - 2026,1,committee_to_elect_cat_urbigkit__primary_report_2026__official_1.pdf
COMMITTEE TO ELECT CAT URBIGKIT,CANDIDATE COMMITTEE,OFFICIAL,NON ELECTION YEAR (ODD YEAR) - 2026,1,committee_to_elect_cat_urbigkit__non_election_year_odd_year_2026__official_1.pdf
COMMITTEE TO ELECT CHIP NEIMAN TO HOUSE DISTRICT 1,CANDIDATE COMMITTEE,OFFICIAL,NON ELECTION YEAR (ODD YEAR) - 2026,1,committee_to_elect_chip_neiman_to_house_district_1__non_election_year_odd_year_2026__official_1.pdf
COMMITTEE TO ELECT CHRIS KNAPP,CANDIDATE COMMITTEE,OFFICIAL,NON ELECTION YEAR (ODD YEAR) - 2026,1,committee_to_elect_chris_knapp__non_election_year_odd_year_2026__official_1.pdf
COMMITTEE TO ELECT CHUCK GRAY,CANDIDATE COMMITTEE,OFFICIAL,PRIMARY REPORT - 2026,1,committee_to_elect_chuck_gray__primary_report_2026__official_1.pdf
COMMITTEE TO ELECT CHUCK GRAY,CANDIDATE COMMITTEE,OFFICIAL,PRIMARY REPORT - 2026,2,committee_to_elect_chuck_gray__primary_report_2026__official_2.pdf
COMMITTEE TO ELECT CHUCK GRAY,CANDIDATE COMMITTEE,OFFICIAL,NON ELECTION YEAR (ODD YEAR) - 2026,1,committee_to_elect_chuck_gray__non_election_year_odd_year_2026__official_1.pdf
COMMITTEE TO ELECT CHUCK GRAY,CANDIDATE COMMITTEE,OFFICIAL,NON ELECTION YEAR (ODD YEAR) - 2026,2,committee_to_elect_chuck_gray__non_election_year_odd_year_2026__official_2.pdf
COMMITTEE TO ELECT CURT MEIER,CANDIDATE COMMITTEE,OFFICIAL,PRIMARY REPORT - 2026,1,committee_to_elect_curt_meier__primary_report_2026__official_1.pdf
COMMITTEE TO ELECT CURT MEIER,CANDIDATE COMMITTEE,OFFICIAL,NON ELECTION YEAR (ODD YEAR) - 2026,1,committee_to_elect_curt_meier__non_election_year_odd_year_2026__official_1.pdf
COMMITTEE TO ELECT DOUGLAS MOORE,CANDIDATE COMMITTEE,OFFICIAL,PRIMARY REPORT - 2026,1,committee_to_elect_douglas_moore__primary_report_2026__official_1.pdf
COMMITTEE TO ELECT DWAYNE DILLINGER,CANDIDATE COMMITTEE,OFFICIAL,PRIMARY REPORT - 2026,1,committee_to_elect_dwayne_dillinger__primary_report_2026__official_1.pdf
COMMITTEE TO ELECT DWAYNE DILLINGER,CANDIDATE COMMITTEE,AMENDMENT,PRIMARY REPORT - 2026,1,committee_to_elect_dwayne_dillinger__primary_report_2026__amendment_1.pdf
COMMITTEE TO ELECT EARL COLLIER FOR HOUSE DISTRICT 3,CANDIDATE COMMITTEE,OFFICIAL,PRIMARY REPORT - 2026,1,committee_to_elect_earl_collier_for_house_district_3__primary_report_2026__official_1.pdf
COMMITTEE TO ELECT ELISSA CAMPBELL,CANDIDATE COMMITTEE,OFFICIAL,PRIMARY REPORT - 2026,1,committee_to_elect_elissa_campbell__primary_report_2026__official_1.pdf
COMMITTEE TO ELECT ELISSA CAMPBELL,CANDIDATE COMMITTEE,AMENDMENT,NON ELECTION YEAR (ODD YEAR) - 2026,1,committee_to_elect_elissa_campbell__non_election_year_odd_year_2026__amendment_1.pdf
COMMITTEE TO ELECT ELISSA CAMPBELL,CANDIDATE COMMITTEE,OFFICIAL,NON ELECTION YEAR (ODD YEAR) - 2026,1,committee_to_elect_elissa_campbell__non_election_year_odd_year_2026__official_1.pdf
COMMITTEE TO ELECT GARY BROWN,CANDIDATE COMMITTEE,OFFICIAL,PRIMARY REPORT - 2026,1,committee_to_elect_gary_brown__primary_report_2026__official_1.pdf
COMMITTEE TO ELECT GARY BROWN,CANDIDATE COMMITTEE,OFFICIAL,NON ELECTION YEAR (ODD YEAR) - 2026,1,committee_to_elect_gary_brown__non_election_year_odd_year_2026__official_1.pdf
COMMITTEE TO ELECT GREG SCHREURS,CANDIDATE COMMITTEE,OFFICIAL,PRIMARY REPORT - 2026,1,committee_to_elect_greg_schreurs__primary_report_2026__official_1.pdf
COMMITTEE TO ELECT JACKIE VAN MARK,CANDIDATE COMMITTEE,OFFICIAL,NON ELECTION YEAR (ODD YEAR) - 2026,1,committee_to_elect_jackie_van_mark__non_election_year_odd_year_2026__official_1.pdf
COMMITTEE TO ELECT JD WILLIAMS,CANDIDATE COMMITTEE,OFFICIAL,PRIMARY REPORT - 2026,1,committee_to_elect_jd_williams__primary_report_2026__official_1.pdf
COMMITTEE TO ELECT JD WILLIAMS,CANDIDATE COMMITTEE,OFFICIAL,NON ELECTION YEAR (ODD YEAR) - 2026,1,committee_to_elect_jd_williams__non_election_year_odd_year_2026__official_1.pdf
COMMITTEE TO ELECT JESSICA CROWDER,CANDIDATE COMMITTEE,OFFICIAL,PRIMARY REPORT - 2026,1,committee_to_elect_jessica_crowder__primary_report_2026__official_1.pdf
COMMITTEE TO ELECT JIM MCCOLLUM HD 16,CANDIDATE COMMITTEE,OFFICIAL,PRIMARY REPORT - 2026,1,committee_to_elect_jim_mccollum_hd_16__primary_report_2026__official_1.pdf
COMMITTEE TO ELECT JIM MCCOLLUM HD 16,CANDIDATE COMMITTEE,OFFICIAL,NON ELECTION YEAR (ODD YEAR) - 2026,1,committee_to_elect_jim_mccollum_hd_16__non_election_year_odd_year_2026__official_1.pdf
COMMITTEE TO ELECT JIM VANDYKE,CANDIDATE COMMITTEE,OFFICIAL,PRIMARY REPORT - 2026,1,committee_to_elect_jim_vandyke__primary_report_2026__official_1.pdf
COMMITTEE TO ELECT JOE GIUSTOZZI,CANDIDATE COMMITTEE,OFFICIAL,NON ELECTION YEAR (ODD YEAR) - 2026,1,committee_to_elect_joe_giustozzi__non_election_year_odd_year_2026__official_1.pdf
COMMITTEE TO ELECT JOHN EKLUND,CANDIDATE COMMITTEE,OFFICIAL,NON ELECTION YEAR (ODD YEAR) - 2026,1,committee_to_elect_john_eklund__non_election_year_odd_year_2026__official_1.pdf
COMMITTEE TO ELECT KEENAN MORGAN,CANDIDATE COMMITTEE,OFFICIAL,PRIMARY REPORT - 2026,1,committee_to_elect_keenan_morgan__primary_report_2026__official_1.pdf
COMMITTEE TO ELECT KEN CLOUSTON,CANDIDATE COMMITTEE,OFFICIAL,PRIMARY REPORT - 2026,1,committee_to_elect_ken_clouston__primary_report_2026__official_1.pdf
COMMITTEE TO ELECT KEN CLOUSTON,CANDIDATE COMMITTEE,OFFICIAL,NON ELECTION YEAR (ODD YEAR) - 2026,1,committee_to_elect_ken_clouston__non_election_year_odd_year_2026__official_1.pdf
COMMITTEE TO ELECT KEN PENDERGRAFT,CANDIDATE COMMITTEE,OFFICIAL,PRIMARY REPORT - 2026,1,committee_to_elect_ken_pendergraft__primary_report_2026__official_1.pdf
COMMITTEE TO ELECT KEN PENDERGRAFT FOR HOUSE DISTRICT 29,CANDIDATE COMMITTEE,OFFICIAL,PRIMARY REPORT - 2026,1,committee_to_elect_ken_pendergraft_for_house_district_29__primary_report_2026__official_1.pdf
COMMITTEE TO ELECT KEN PENDERGRAFT FOR HOUSE DISTRICT 29,CANDIDATE COMMITTEE,OFFICIAL,NON ELECTION YEAR (ODD YEAR) - 2026,1,committee_to_elect_ken_pendergraft_for_house_district_29__non_election_year_odd_year_2026__official_1.pdf
COMMITTEE TO ELECT KRISTI RACINES,CANDIDATE COMMITTEE,OFFICIAL,PRIMARY REPORT - 2026,1,committee_to_elect_kristi_racines__primary_report_2026__official_1.pdf
COMMITTEE TO ELECT KRISTI RACINES,CANDIDATE COMMITTEE,OFFICIAL,NON ELECTION YEAR (ODD YEAR) - 2026,1,committee_to_elect_kristi_racines__non_election_year_odd_year_2026__official_1.pdf
COMMITTEE TO ELECT LARRY ALWIN,CANDIDATE COMMITTEE,OFFICIAL,PRIMARY REPORT - 2026,1,committee_to_elect_larry_alwin__primary_report_2026__official_1.pdf
COMMITTEE TO ELECT LARRY ALWIN,CANDIDATE COMMITTEE,OFFICIAL,NON ELECTION YEAR (ODD YEAR) - 2026,1,committee_to_elect_larry_alwin__non_election_year_odd_year_2026__official_1.pdf
COMMITTEE TO ELECT LAURIE BRATTEN,CANDIDATE COMMITTEE,OFFICIAL,PRIMARY REPORT - 2026,1,committee_to_elect_laurie_bratten__primary_report_2026__official_1.pdf
COMMITTEE TO ELECT LAURIE BRATTEN,CANDIDATE COMMITTEE,OFFICIAL,NON ELECTION YEAR (ODD YEAR) - 2026,1,committee_to_elect_laurie_bratten__non_election_year_odd_year_2026__official_1.pdf
COMMITTEE TO ELECT LEE FILER,CANDIDATE COMMITTEE,OFFICIAL,PRIMARY REPORT - 2026,1,committee_to_elect_lee_filer__primary_report_2026__official_1.pdf
COMMITTEE TO ELECT LEE FILER,CANDIDATE COMMITTEE,OFFICIAL,NON ELECTION YEAR (ODD YEAR) - 2026,1,committee_to_elect_lee_filer__non_election_year_odd_year_2026__official_1.pdf
COMMITTEE TO ELECT LEVI SHINKLE,CANDIDATE COMMITTEE,OFFICIAL,NON ELECTION YEAR (ODD YEAR) - 2026,1,committee_to_elect_levi_shinkle__non_election_year_odd_year_2026__official_1.pdf
COMMITTEE TO ELECT MARK RINNE,CANDIDATE COMMITTEE,OFFICIAL,PRIMARY REPORT - 2026,1,committee_to_elect_mark_rinne__primary_report_2026__official_1.pdf
COMMITTEE TO ELECT MIKE SCHMID FOR WYHD20,CANDIDATE COMMITTEE,OFFICIAL,NON ELECTION YEAR (ODD YEAR) - 2026,1,committee_to_elect_mike_schmid_for_wyhd20__non_election_year_odd_year_2026__official_1.pdf
COMMITTEE TO ELECT MIKE YIN,CANDIDATE COMMITTEE,OFFICIAL,PRIMARY REPORT - 2026,1,committee_to_elect_mike_yin__primary_report_2026__official_1.pdf
COMMITTEE TO ELECT MIKE YIN,CANDIDATE COMMITTEE,OFFICIAL,NON ELECTION YEAR (ODD YEAR) - 2026,1,committee_to_elect_mike_yin__non_election_year_odd_year_2026__official_1.pdf
COMMITTEE TO ELECT OGDEN DRISKILL,CANDIDATE COMMITTEE,OFFICIAL,PRIMARY REPORT - 2026,1,committee_to_elect_ogden_driskill__primary_report_2026__official_1.pdf
COMMITTEE TO ELECT OGDEN DRISKILL,CANDIDATE COMMITTEE,AMENDMENT,NON ELECTION YEAR (ODD YEAR) - 2026,1,committee_to_elect_ogden_driskill__non_election_year_odd_year_2026__amendment_1.pdf
COMMITTEE TO ELECT OGDEN DRISKILL,CANDIDATE COMMITTEE,OFFICIAL,NON ELECTION YEAR (ODD YEAR) - 2026,1,committee_to_elect_ogden_driskill__non_election_year_odd_year_2026__official_1.pdf
COMMITTEE TO ELECT REG PHILLIPS,CANDIDATE COMMITTEE,OFFICIAL,NON ELECTION YEAR (ODD YEAR) - 2026,1,committee_to_elect_reg_phillips__non_election_year_odd_year_2026__official_1.pdf
COMMITTEE TO ELECT REUBEN TARVER TO HOUSE DISTRICT 52,CANDIDATE COMMITTEE,OFFICIAL,NON ELECTION YEAR (ODD YEAR) - 2026,1,committee_to_elect_reuben_tarver_to_house_district_52__non_election_year_odd_year_2026__official_1.pdf
COMMITTEE TO ELECT ROBERT DAVIS,CANDIDATE COMMITTEE,OFFICIAL,PRIMARY REPORT - 2026,1,committee_to_elect_robert_davis__primary_report_2026__official_1.pdf
COMMITTEE TO ELECT ROBERT DAVIS,CANDIDATE COMMITTEE,OFFICIAL,NON ELECTION YEAR (ODD YEAR) - 2026,1,committee_to_elect_robert_davis__non_election_year_odd_year_2026__official_1.pdf
COMMITTEE TO ELECT ROBERT WHARFF,CANDIDATE COMMITTEE,OFFICIAL,PRIMARY REPORT - 2026,1,committee_to_elect_robert_wharff__primary_report_2026__official_1.pdf
COMMITTEE TO ELECT ROBERT WHARFF,CANDIDATE COMMITTEE,OFFICIAL,NON ELECTION YEAR (ODD YEAR) - 2026,1,committee_to_elect_robert_wharff__non_election_year_odd_year_2026__official_1.pdf
COMMITTEE TO ELECT SARA BURLINGAME,CANDIDATE COMMITTEE,OFFICIAL,NON ELECTION YEAR (ODD YEAR) - 2026,1,committee_to_elect_sara_burlingame__non_election_year_odd_year_2026__official_1.pdf
COMMITTEE TO ELECT SETH ULVESTAD,CANDIDATE COMMITTEE,OFFICIAL,NON ELECTION YEAR (ODD YEAR) - 2026,1,committee_to_elect_seth_ulvestad__non_election_year_odd_year_2026__official_1.pdf
COMMITTEE TO ELECT STEINMETZ FOR SENATE,CANDIDATE COMMITTEE,OFFICIAL,PRIMARY REPORT - 2026,1,committee_to_elect_steinmetz_for_senate__primary_report_2026__official_1.pdf
COMMITTEE TO ELECT STEINMETZ FOR SENATE,CANDIDATE COMMITTEE,OFFICIAL,NON ELECTION YEAR (ODD YEAR) - 2026,1,committee_to_elect_steinmetz_for_senate__non_election_year_odd_year_2026__official_1.pdf
COMMITTEE TO ELECT TARA NETHERCOTT,CANDIDATE COMMITTEE,OFFICIAL,NON ELECTION YEAR (ODD YEAR) - 2026,1,committee_to_elect_tara_nethercott__non_election_year_odd_year_2026__official_1.pdf
COMMITTEE TO ELECT TED HANLON,CANDIDATE COMMITTEE,OFFICIAL,PRIMARY REPORT - 2026,1,committee_to_elect_ted_hanlon__primary_report_2026__official_1.pdf
COMMITTEE TO ELECT TOM JONES,CANDIDATE COMMITTEE,OFFICIAL,PRIMARY REPORT - 2026,1,committee_to_elect_tom_jones__primary_report_2026__official_1.pdf
COMMITTEE TO ELECT TOM JONES,CANDIDATE COMMITTEE,OFFICIAL,NON ELECTION YEAR (ODD YEAR) - 2026,1,committee_to_elect_tom_jones__non_election_year_odd_year_2026__official_1.pdf
COMMITTEE TO ELECT TOM KELLY,CANDIDATE COMMITTEE,OFFICIAL,PRIMARY REPORT - 2026,1,committee_to_elect_tom_kelly__primary_report_2026__official_1.pdf
COMMITTEE TO ELECT TOM KELLY,CANDIDATE COMMITTEE,OFFICIAL,PRIMARY REPORT - 2026,2,committee_to_elect_tom_kelly__primary_report_2026__official_2.pdf
COMMITTEE TO ELECT TOM KELLY,CANDIDATE COMMITTEE,OFFICIAL,PRIMARY REPORT - 2026,3,committee_to_elect_tom_kelly__primary_report_2026__official_3.pdf
COMMITTEE TO ELECT TOM KELLY,CANDIDATE COMMITTEE,OFFICIAL,NON ELECTION YEAR (ODD YEAR) - 2026,1,committee_to_elect_tom_kelly__non_election_year_odd_year_2026__official_1.pdf
COMMITTEE TO ELECT TROY CLAYCOMB,CANDIDATE COMMITTEE,OFFICIAL,PRIMARY REPORT - 2026,1,committee_to_elect_troy_claycomb__primary_report_2026__official_1.pdf
COMMITTEE TO ELECT TYLER LINDHOLM,CANDIDATE COMMITTEE,OFFICIAL,NON ELECTION YEAR (ODD YEAR) - 2026,1,committee_to_elect_tyler_lindholm__non_election_year_odd_year_2026__official_1.pdf
COMMITTEE TO ELECT ZETA,CANDIDATE COMMITTEE,OFFICIAL,PRIMARY REPORT - 2026,1,committee_to_elect_zeta__primary_report_2026__official_1.pdf
COMMUNITY UNITED,CANDIDATE COMMITTEE,OFFICIAL,NON ELECTION YEAR (ODD YEAR) - 2026,1,community_united__non_election_year_odd_year_2026__official_1.pdf
CONNOLLY FOR STATE HOUSE,CANDIDATE COMMITTEE,OFFICIAL,PRIMARY REPORT - 2026,1,connolly_for_state_house__primary_report_2026__official_1.pdf
CONNOLLY FOR STATE HOUSE,CANDIDATE COMMITTEE,OFFICIAL,NON ELECTION YEAR (ODD YEAR) - 2026,1,connolly_for_state_house__non_election_year_odd_year_2026__official_1.pdf
"CORKERY, JAMES T JR",CANDIDATE,OFFICIAL,PRIMARY REPORT - 2026,1,corkery_james_t_jr__primary_report_2026__official_1.pdf
COSTELLO FOR CASPER,CANDIDATE COMMITTEE,OFFICIAL,PRIMARY REPORT - 2026,1,costello_for_casper__primary_report_2026__official_1.pdf
CRAGO FOR STATE HOUSE,CANDIDATE COMMITTEE,OFFICIAL,NON ELECTION YEAR (ODD YEAR) - 2026,1,crago_for_state_house__non_election_year_odd_year_2026__official_1.pdf
CRAGO FOR WYOMING,CANDIDATE COMMITTEE,OFFICIAL,NON ELECTION YEAR (ODD YEAR) - 2026,1,crago_for_wyoming__non_election_year_odd_year_2026__official_1.pdf
"DAVENPORT, ROSS",CANDIDATE,OFFICIAL,PRIMARY REPORT - 2026,1,davenport_ross__primary_report_2026__official_1.pdf
DAVID HILL FOR HOUSE DISTRICT 50,CANDIDATE COMMITTEE,OFFICIAL,PRIMARY REPORT - 2026,1,david_hill_for_house_district_50__primary_report_2026__official_1.pdf
DEGENFELDER FOR WYOMING,CANDIDATE COMMITTEE,OFFICIAL,NON ELECTION YEAR (ODD YEAR) - 2026,1,degenfelder_for_wyoming__non_election_year_odd_year_2026__official_1.pdf
"DRESANG, CHRISTOPHER",CANDIDATE,OFFICIAL,PRIMARY REPORT - 2026,1,dresang_christopher__primary_report_2026__official_1.pdf
EAMON O'TOOLE FOR WYOMING,CANDIDATE COMMITTEE,OFFICIAL,PRIMARY REPORT - 2026,1,eamon_o_toole_for_wyoming__primary_report_2026__official_1.pdf
EDWARDS FOR WYOMING,CANDIDATE COMMITTEE,OFFICIAL,PRIMARY REPORT - 2026,1,edwards_for_wyoming__primary_report_2026__official_1.pdf
ELECT CHRIS LOWRY,CANDIDATE COMMITTEE,OFFICIAL,NON ELECTION YEAR (ODD YEAR) - 2026,1,elect_chris_lowry__non_election_year_odd_year_2026__official_1.pdf
ELECT J.T. LARSON,CANDIDATE COMMITTEE,OFFICIAL,NON ELECTION YEAR (ODD YEAR) - 2026,1,elect_j_t_larson__non_election_year_odd_year_2026__official_1.pdf
ELECT KEVIN SKATES,CANDIDATE COMMITTEE,OFFICIAL,NON ELECTION YEAR (ODD YEAR) - 2026,1,elect_kevin_skates__non_election_year_odd_year_2026__official_1.pdf
"ENGEBRETSEN, LISA L.",CANDIDATE,OFFICIAL,PRIMARY REPORT - 2026,1,engebretsen_lisa_l__primary_report_2026__official_1.pdf
ERICKSON FOR HD 37,CANDIDATE COMMITTEE,OFFICIAL,PRIMARY REPORT - 2026,1,erickson_for_hd_37__primary_report_2026__official_1.pdf
"ERICKSON, MCKAY L",CANDIDATE,OFFICIAL,PRIMARY REPORT - 2026,1,erickson_mckay_l__primary_report_2026__official_1.pdf
FOLAND FOR HD 15,CANDIDATE COMMITTEE,OFFICIAL,NON ELECTION YEAR (ODD YEAR) - 2026,1,foland_for_hd_15__non_election_year_odd_year_2026__official_1.pdf
FORBIS4HD10,CANDIDATE COMMITTEE,OFFICIAL,NON ELECTION YEAR (ODD YEAR) - 2026,1,forbis4hd10__non_election_year_odd_year_2026__official_1.pdf
FORNSTROM FOR HD10,CANDIDATE COMMITTEE,OFFICIAL,PRIMARY REPORT - 2026,1,fornstrom_for_hd10__primary_report_2026__official_1.pdf
"FORTNER, BILL",CANDIDATE,OFFICIAL,PRIMARY REPORT - 2026,1,fortner_bill__primary_report_2026__official_1.pdf
FRIENDS OF AFFIE ELLIS,CANDIDATE COMMITTEE,OFFICIAL,PRIMARY REPORT - 2026,1,friends_of_affie_ellis__primary_report_2026__official_1.pdf
FRIENDS OF AFFIE ELLIS,CANDIDATE COMMITTEE,OFFICIAL,NON ELECTION YEAR (ODD YEAR) - 2026,1,friends_of_affie_ellis__non_election_year_odd_year_2026__official_1.pdf
FRIENDS OF CJ YOUNG,CANDIDATE COMMITTEE,OFFICIAL,PRIMARY REPORT - 2026,1,friends_of_cj_young__primary_report_2026__official_1.pdf
FRIENDS OF CYRUS WESTERN,CANDIDATE COMMITTEE,OFFICIAL,NON ELECTION YEAR (ODD YEAR) - 2026,1,friends_of_cyrus_western__non_election_year_odd_year_2026__official_1.pdf
FRIENDS OF GARY MILLER,CANDIDATE COMMITTEE,OFFICIAL,NON ELECTION YEAR (ODD YEAR) - 2026,1,friends_of_gary_miller__non_election_year_odd_year_2026__official_1.pdf
FRIENDS OF GAVIN LOBMEYER,CANDIDATE COMMITTEE,OFFICIAL,PRIMARY REPORT - 2026,1,friends_of_gavin_lobmeyer__primary_report_2026__official_1.pdf
FRIENDS OF JON CONRAD,CANDIDATE COMMITTEE,OFFICIAL,NON ELECTION YEAR (ODD YEAR) - 2026,1,friends_of_jon_conrad__non_election_year_odd_year_2026__official_1.pdf
FRIENDS OF JULIE JARVIS,CANDIDATE COMMITTEE,OFFICIAL,PRIMARY REPORT - 2026,1,friends_of_julie_jarvis__primary_report_2026__official_1.pdf
FRIENDS OF JULIE JARVIS,CANDIDATE COMMITTEE,OFFICIAL,NON ELECTION YEAR (ODD YEAR) - 2026,1,friends_of_julie_jarvis__non_election_year_odd_year_2026__official_1.pdf
FRIENDS OF LANDON BROWN,CANDIDATE COMMITTEE,OFFICIAL,NON ELECTION YEAR (ODD YEAR) - 2026,1,friends_of_landon_brown__non_election_year_odd_year_2026__official_1.pdf
FRIENDS OF MARK GORDON,CANDIDATE COMMITTEE,OFFICIAL,PRIMARY REPORT - 2026,1,friends_of_mark_gordon__primary_report_2026__official_1.pdf
FRIENDS OF MARK GORDON,CANDIDATE COMMITTEE,OFFICIAL,NON ELECTION YEAR (ODD YEAR) - 2026,1,friends_of_mark_gordon__non_election_year_odd_year_2026__official_1.pdf
FRIENDS OF MICHAEL V. BAILEY,CANDIDATE COMMITTEE,OFFICIAL,PRIMARY REPORT - 2026,1,friends_of_michael_v_bailey__primary_report_2026__official_1.pdf
FRIENDS OF MICHAEL V. BAILEY,CANDIDATE COMMITTEE,OFFICIAL,NON ELECTION YEAR (ODD YEAR) - 2026,1,friends_of_michael_v_bailey__non_election_year_odd_year_2026__official_1.pdf
FRIENDS OF NINA WEBBER,CANDIDATE COMMITTEE,OFFICIAL,PRIMARY REPORT - 2026,1,friends_of_nina_webber__primary_report_2026__official_1.pdf
FRIENDS OF NINA WEBBER,CANDIDATE COMMITTEE,OFFICIAL,NON ELECTION YEAR (ODD YEAR) - 2026,1,friends_of_nina_webber__non_election_year_odd_year_2026__official_1.pdf
GARY FOR WYOMING,CANDIDATE COMMITTEE,OFFICIAL,PRIMARY REPORT - 2026,1,gary_for_wyoming__primary_report_2026__official_1.pdf
GARY FOR WYOMING,CANDIDATE COMMITTEE,OFFICIAL,NON ELECTION YEAR (ODD YEAR) - 2026,1,gary_for_wyoming__non_election_year_odd_year_2026__official_1.pdf
GARYWILKEN 4 HD46,CANDIDATE COMMITTEE,OFFICIAL,PRIMARY REPORT - 2026,1,garywilken_4_hd46__primary_report_2026__official_1.pdf
GERINGER FOR WYOMING,CANDIDATE COMMITTEE,OFFICIAL,PRIMARY REPORT - 2026,1,geringer_for_wyoming__primary_report_2026__official_1.pdf
GERINGER FOR WYOMING,CANDIDATE COMMITTEE,OFFICIAL,NON ELECTION YEAR (ODD YEAR) - 2026,1,geringer_for_wyoming__non_election_year_odd_year_2026__official_1.pdf
"HAMID, SHIFA",CANDIDATE,OFFICIAL,PRIMARY REPORT - 2026,1,hamid_shifa__primary_report_2026__official_1.pdf
"HAROLDSON, JEREMY MICHAEL",CANDIDATE,OFFICIAL,PRIMARY REPORT - 2026,1,haroldson_jeremy_michael__primary_report_2026__official_1.pdf
HARSHMAN FOR WYOMING,CANDIDATE COMMITTEE,OFFICIAL,PRIMARY REPORT - 2026,1,harshman_for_wyoming__primary_report_2026__official_1.pdf
"HEINER, SCOTT",CANDIDATE,OFFICIAL,PRIMARY REPORT - 2026,1,heiner_scott__primary_report_2026__official_1.pdf
"HENDRY, ROBERT L",CANDIDATE,OFFICIAL,PRIMARY REPORT - 2026,1,hendry_robert_l__primary_report_2026__official_1.pdf
"HENDRY, ROBERT L",CANDIDATE,AMENDMENT,PRIMARY REPORT - 2026,1,hendry_robert_l__primary_report_2026__amendment_1.pdf
HERMAN FOR WYOMING,CANDIDATE COMMITTEE,OFFICIAL,NON ELECTION YEAR (ODD YEAR) - 2026,1,herman_for_wyoming__non_election_year_odd_year_2026__official_1.pdf
"HERRINGTON, MEAGAN",CANDIDATE,OFFICIAL,PRIMARY REPORT - 2026,1,herrington_meagan__primary_report_2026__official_1.pdf
"HOEFT, PAUL V",CANDIDATE,OFFICIAL,PRIMARY REPORT - 2026,1,hoeft_paul_v__primary_report_2026__official_1.pdf
HOLLY BUTLER FOR WYOMING STATE SENATE DISTRICT 25,CANDIDATE COMMITTEE,OFFICIAL,PRIMARY REPORT - 2026,1,holly_butler_for_wyoming_state_senate_district_25__primary_report_2026__official_1.pdf
HOLLY FOR HD 54,CANDIDATE COMMITTEE,OFFICIAL,PRIMARY REPORT - 2026,1,holly_for_hd_54__primary_report_2026__official_1.pdf
"HURT, MATTHEW",CANDIDATE,OFFICIAL,PRIMARY REPORT - 2026,1,hurt_matthew__primary_report_2026__official_1.pdf
IDE FOR SENATE,CANDIDATE COMMITTEE,OFFICIAL,PRIMARY REPORT - 2026,1,ide_for_senate__primary_report_2026__official_1.pdf
IDE FOR SENATE,CANDIDATE COMMITTEE,OFFICIAL,NON ELECTION YEAR (ODD YEAR) - 2026,1,ide_for_senate__non_election_year_odd_year_2026__official_1.pdf
JAMES WAMSLEY FOR WYOMING,CANDIDATE COMMITTEE,OFFICIAL,PRIMARY REPORT - 2026,1,james_wamsley_for_wyoming__primary_report_2026__official_1.pdf
JEANETTE WARD FOR WYOMING,CANDIDATE COMMITTEE,OFFICIAL,PRIMARY REPORT - 2026,1,jeanette_ward_for_wyoming__primary_report_2026__official_1.pdf
JEANETTE WARD FOR WYOMING,CANDIDATE COMMITTEE,OFFICIAL,NON ELECTION YEAR (ODD YEAR) - 2026,1,jeanette_ward_for_wyoming__non_election_year_odd_year_2026__official_1.pdf
"JESKE, NEIL",CANDIDATE,OFFICIAL,PRIMARY REPORT - 2026,1,jeske_neil__primary_report_2026__official_1.pdf
JIM ANDERSON FOR STATE SENATE,CANDIDATE COMMITTEE,OFFICIAL,PRIMARY REPORT - 2026,1,jim_anderson_for_state_senate__primary_report_2026__official_1.pdf
JIM ANDERSON FOR STATE SENATE,CANDIDATE COMMITTEE,OFFICIAL,NON ELECTION YEAR (ODD YEAR) - 2026,1,jim_anderson_for_state_senate__non_election_year_odd_year_2026__official_1.pdf
JOHNSON FOR WYOMING,CANDIDATE COMMITTEE,OFFICIAL,PRIMARY REPORT - 2026,1,johnson_for_wyoming__primary_report_2026__official_1.pdf
JOHNSON FOR WYOMING,CANDIDATE COMMITTEE,OFFICIAL,NON ELECTION YEAR (ODD YEAR) - 2026,1,johnson_for_wyoming__non_election_year_odd_year_2026__official_1.pdf
"JOHNSON, TINA",CANDIDATE,OFFICIAL,PRIMARY REPORT - 2026,1,johnson_tina__primary_report_2026__official_1.pdf
JRFORHOUSE59,CANDIDATE COMMITTEE,OFFICIAL,PRIMARY REPORT - 2026,1,jrforhouse59__primary_report_2026__official_1.pdf
JRFORHOUSE59,CANDIDATE COMMITTEE,OFFICIAL,NON ELECTION YEAR (ODD YEAR) - 2026,1,jrforhouse59__non_election_year_odd_year_2026__official_1.pdf
KELLER FOR WYO,CANDIDATE COMMITTEE,OFFICIAL,PRIMARY REPORT - 2026,1,keller_for_wyo__primary_report_2026__official_1.pdf
KENNETH D. ROBERTS,CANDIDATE COMMITTEE,OFFICIAL,PRIMARY REPORT - 2026,1,kenneth_d_roberts__primary_report_2026__official_1.pdf
KEVIN HELLING FOR WYOMING,CANDIDATE COMMITTEE,OFFICIAL,PRIMARY REPORT - 2026,1,kevin_helling_for_wyoming__primary_report_2026__official_1.pdf
KOLTISKA FOR SHERIDAN,CANDIDATE COMMITTEE,OFFICIAL,PRIMARY REPORT - 2026,1,koltiska_for_sheridan__primary_report_2026__official_1.pdf
"KOST, R. J.",CANDIDATE,OFFICIAL,PRIMARY REPORT - 2026,1,kost_r_j__primary_report_2026__official_1.pdf
LANDEN FOR LEGISLATURE,CANDIDATE COMMITTEE,OFFICIAL,PRIMARY REPORT - 2026,1,landen_for_legislature__primary_report_2026__official_1.pdf
LANDEN FOR LEGISLATURE,CANDIDATE COMMITTEE,OFFICIAL,NON ELECTION YEAR (ODD YEAR) - 2026,1,landen_for_legislature__non_election_year_odd_year_2026__official_1.pdf
"LARSEN, LLOYD CHARLES",CANDIDATE,AMENDMENT,PRIMARY REPORT - 2026,1,larsen_lloyd_charles__primary_report_2026__amendment_1.pdf
"LARSEN, LLOYD CHARLES",CANDIDATE,AMENDMENT,PRIMARY REPORT - 2026,2,larsen_lloyd_charles__primary_report_2026__amendment_2.pdf
"LARSEN, LLOYD CHARLES",CANDIDATE,OFFICIAL,PRIMARY REPORT - 2026,1,larsen_lloyd_charles__primary_report_2026__official_1.pdf
"LATHAM, STEPHEN D",CANDIDATE,OFFICIAL,PRIMARY REPORT - 2026,1,latham_stephen_d__primary_report_2026__official_1.pdf
LAUREN SCHOENFELD FOR WYOMING,CANDIDATE COMMITTEE,OFFICIAL,PRIMARY REPORT - 2026,1,lauren_schoenfeld_for_wyoming__primary_report_2026__official_1.pdf
LAWLEY FOR WYOMING,CANDIDATE COMMITTEE,OFFICIAL,PRIMARY REPORT - 2026,1,lawley_for_wyoming__primary_report_2026__official_1.pdf
LAWLEY FOR WYOMING,CANDIDATE COMMITTEE,OFFICIAL,NON ELECTION YEAR (ODD YEAR) - 2026,1,lawley_for_wyoming__non_election_year_odd_year_2026__official_1.pdf
"LEE, JAMES MILES",CANDIDATE,OFFICIAL,PRIMARY REPORT - 2026,1,lee_james_miles__primary_report_2026__official_1.pdf
"LEGLER, MATTHEW",CANDIDATE,OFFICIAL,PRIMARY REPORT - 2026,1,legler_matthew__primary_report_2026__official_1.pdf
"LIEN, JAYME",CANDIDATE,OFFICIAL,PRIMARY REPORT - 2026,1,lien_jayme__primary_report_2026__official_1.pdf
"LOCKE, TONY",CANDIDATE,OFFICIAL,PRIMARY REPORT - 2026,1,locke_tony__primary_report_2026__official_1.pdf
"LONGTINE, LAURIE LYNN",CANDIDATE,OFFICIAL,PRIMARY REPORT - 2026,1,longtine_laurie_lynn__primary_report_2026__official_1.pdf
"LOVE, TAFT CARROLL",CANDIDATE,OFFICIAL,PRIMARY REPORT - 2026,1,love_taft_carroll__primary_report_2026__official_1.pdf
LYTTLE FOR HOUSE,CANDIDATE COMMITTEE,OFFICIAL,PRIMARY REPORT - 2026,1,lyttle_for_house__primary_report_2026__official_1.pdf
"MANNING, CARL",CANDIDATE,OFFICIAL,PRIMARY REPORT - 2026,1,manning_carl__primary_report_2026__official_1.pdf
MARK JENNINGS FOR HOUSE DISTRICT 30,CANDIDATE COMMITTEE,OFFICIAL,PRIMARY REPORT - 2026,1,mark_jennings_for_house_district_30__primary_report_2026__official_1.pdf
MARSHAL FOR WYOMING,CANDIDATE COMMITTEE,OFFICIAL,PRIMARY REPORT - 2026,1,marshal_for_wyoming__primary_report_2026__official_1.pdf
"MARTIN, JEFF",CANDIDATE,OFFICIAL,PRIMARY REPORT - 2026,1,martin_jeff__primary_report_2026__official_1.pdf
MATT MALCOM CAMPAIGN,CANDIDATE COMMITTEE,OFFICIAL,NON ELECTION YEAR (ODD YEAR) - 2026,1,matt_malcom_campaign__non_election_year_odd_year_2026__official_1.pdf
"MCADOO, JOHN STEWART",CANDIDATE,OFFICIAL,PRIMARY REPORT - 2026,1,mcadoo_john_stewart__primary_report_2026__official_1.pdf
"MCCANN, DARIN M",CANDIDATE,OFFICIAL,PRIMARY REPORT - 2026,1,mccann_darin_m__primary_report_2026__official_1.pdf
MCGINNIS FOR WYOMING,CANDIDATE COMMITTEE,OFFICIAL,PRIMARY REPORT - 2026,1,mcginnis_for_wyoming__primary_report_2026__official_1.pdf
"MCGINNIS, MATT",CANDIDATE,OFFICIAL,PRIMARY REPORT - 2026,1,mcginnis_matt__primary_report_2026__official_1.pdf
MCINTOSH FOR WYOMING,CANDIDATE COMMITTEE,OFFICIAL,PRIMARY REPORT - 2026,1,mcintosh_for_wyoming__primary_report_2026__official_1.pdf
"MCQUEEN, CATHERINE DIANE",CANDIDATE,OFFICIAL,PRIMARY REPORT - 2026,1,mcqueen_catherine_diane__primary_report_2026__official_1.pdf
MEGAN FOR GOVERNOR,CANDIDATE COMMITTEE,OFFICIAL,PRIMARY REPORT - 2026,1,megan_for_governor__primary_report_2026__official_1.pdf
MIKE GREEAR FOR WY HOUSE DISTRICT 27,CANDIDATE COMMITTEE,OFFICIAL,NON ELECTION YEAR (ODD YEAR) - 2026,1,mike_greear_for_wy_house_district_27__non_election_year_odd_year_2026__official_1.pdf
"MUTTER SHAMLEY, DEB",CANDIDATE,OFFICIAL,PRIMARY REPORT - 2026,1,mutter_shamley_deb__primary_report_2026__official_1.pdf
MYCA FOR SHERIDAN,CANDIDATE COMMITTEE,OFFICIAL,PRIMARY REPORT - 2026,1,myca_for_sheridan__primary_report_2026__official_1.pdf
"NEUMILLER, MARCIA JOANN",CANDIDATE,OFFICIAL,PRIMARY REPORT - 2026,1,neumiller_marcia_joann__primary_report_2026__official_1.pdf
"NICHOLAS, BOB",CANDIDATE,OFFICIAL,PRIMARY REPORT - 2026,1,nicholas_bob__primary_report_2026__official_1.pdf
OLSEN FOR WYOMING,CANDIDATE COMMITTEE,OFFICIAL,PRIMARY REPORT - 2026,1,olsen_for_wyoming__primary_report_2026__official_1.pdf
OLSEN FOR WYOMING,CANDIDATE COMMITTEE,OFFICIAL,NON ELECTION YEAR (ODD YEAR) - 2026,1,olsen_for_wyoming__non_election_year_odd_year_2026__official_1.pdf
"OTTMAN, PEPPER L",CANDIDATE,OFFICIAL,PRIMARY REPORT - 2026,1,ottman_pepper_l__primary_report_2026__official_1.pdf
"PETTY, TOM",CANDIDATE,OFFICIAL,PRIMARY REPORT - 2026,1,petty_tom__primary_report_2026__official_1.pdf
"PETTY, TOM",CANDIDATE,AMENDMENT,PRIMARY REPORT - 2026,1,petty_tom__primary_report_2026__amendment_1.pdf
"POSEY, IVAN D",CANDIDATE,OFFICIAL,PRIMARY REPORT - 2026,1,posey_ivan_d__primary_report_2026__official_1.pdf
QUIN BLAIR FOR HOUSE DISTRICT 24,CANDIDATE COMMITTEE,OFFICIAL,PRIMARY REPORT - 2026,1,quin_blair_for_house_district_24__primary_report_2026__official_1.pdf
RAH FOR HD17,CANDIDATE COMMITTEE,OFFICIAL,PRIMARY REPORT - 2026,1,rah_for_hd17__primary_report_2026__official_1.pdf
REID RASNER FOR WYOMING,CANDIDATE COMMITTEE,OFFICIAL,NON ELECTION YEAR (ODD YEAR) - 2026,1,reid_rasner_for_wyoming__non_election_year_odd_year_2026__official_1.pdf
REINER FOR WYOMING,CANDIDATE COMMITTEE,OFFICIAL,PRIMARY REPORT - 2026,1,reiner_for_wyoming__primary_report_2026__official_1.pdf
"RICE, DONNA KAY",CANDIDATE,OFFICIAL,PRIMARY REPORT - 2026,1,rice_donna_kay__primary_report_2026__official_1.pdf
ROTHFUSS FOR SENATE,CANDIDATE COMMITTEE,OFFICIAL,PRIMARY REPORT - 2026,1,rothfuss_for_senate__primary_report_2026__official_1.pdf
ROTHFUSS FOR SENATE,CANDIDATE COMMITTEE,OFFICIAL,NON ELECTION YEAR (ODD YEAR) - 2026,1,rothfuss_for_senate__non_election_year_odd_year_2026__official_1.pdf
SCHRIFTMAN FOR STATE HOUSE,CANDIDATE COMMITTEE,OFFICIAL,PRIMARY REPORT - 2026,1,schriftman_for_state_house__primary_report_2026__official_1.pdf
"SCHULER, WENDY DAVIS",CANDIDATE,OFFICIAL,PRIMARY REPORT - 2026,1,schuler_wendy_davis__primary_report_2026__official_1.pdf
SERVER FOR WY,CANDIDATE COMMITTEE,OFFICIAL,PRIMARY REPORT - 2026,1,server_for_wy__primary_report_2026__official_1.pdf
SHANNON A. BRENNAN FOR WY HOUSE D23,CANDIDATE COMMITTEE,OFFICIAL,PRIMARY REPORT - 2026,1,shannon_a_brennan_for_wy_house_d23__primary_report_2026__official_1.pdf
"SHERWOOD, TREY LYNN",CANDIDATE,OFFICIAL,PRIMARY REPORT - 2026,1,sherwood_trey_lynn__primary_report_2026__official_1.pdf
"SHOLLENBERGER, RYAN MICHAEL",CANDIDATE,OFFICIAL,PRIMARY REPORT - 2026,1,shollenberger_ryan_michael__primary_report_2026__official_1.pdf
SHORT FOR STATE,CANDIDATE COMMITTEE,OFFICIAL,PRIMARY REPORT - 2026,1,short_for_state__primary_report_2026__official_1.pdf
SINGH FOR WYOMING,CANDIDATE COMMITTEE,OFFICIAL,PRIMARY REPORT - 2026,1,singh_for_wyoming__primary_report_2026__official_1.pdf
SINGH FOR WYOMING,CANDIDATE COMMITTEE,OFFICIAL,PRIMARY REPORT - 2026,2,singh_for_wyoming__primary_report_2026__official_2.pdf
SINGH FOR WYOMING,CANDIDATE COMMITTEE,OFFICIAL,NON ELECTION YEAR (ODD YEAR) - 2026,1,singh_for_wyoming__non_election_year_odd_year_2026__official_1.pdf
"SMITH, SCOTT JR",CANDIDATE,OFFICIAL,PRIMARY REPORT - 2026,1,smith_scott_jr__primary_report_2026__official_1.pdf
"SOMMERS, ALBERT",CANDIDATE,OFFICIAL,PRIMARY REPORT - 2026,1,sommers_albert__primary_report_2026__official_1.pdf
SPECKNER FOR HOUSE DISTRICT 5,CANDIDATE COMMITTEE,AMENDMENT,PRIMARY REPORT - 2026,1,speckner_for_house_district_5__primary_report_2026__amendment_1.pdf
SPECKNER FOR HOUSE DISTRICT 5,CANDIDATE COMMITTEE,OFFICIAL,PRIMARY REPORT - 2026,1,speckner_for_house_district_5__primary_report_2026__official_1.pdf
STACY JONES FOR SENATE DISTRICT 13,CANDIDATE COMMITTEE,OFFICIAL,PRIMARY REPORT - 2026,1,stacy_jones_for_senate_district_13__primary_report_2026__official_1.pdf
STORER FOR STATE HOUSE,CANDIDATE COMMITTEE,OFFICIAL,PRIMARY REPORT - 2026,1,storer_for_state_house__primary_report_2026__official_1.pdf
STORER FOR STATE HOUSE,CANDIDATE COMMITTEE,OFFICIAL,NON ELECTION YEAR (ODD YEAR) - 2026,1,storer_for_state_house__non_election_year_odd_year_2026__official_1.pdf
"STROCK, TOMI",CANDIDATE,OFFICIAL,PRIMARY REPORT - 2026,1,strock_tomi__primary_report_2026__official_1.pdf
STUDY4WYOMING,CANDIDATE COMMITTEE,OFFICIAL,PRIMARY REPORT - 2026,1,study4wyoming__primary_report_2026__official_1.pdf
"STYVAR, CLARENCE L",CANDIDATE,OFFICIAL,PRIMARY REPORT - 2026,1,styvar_clarence_l__primary_report_2026__official_1.pdf
"SWETT, SHANE",CANDIDATE,OFFICIAL,PRIMARY REPORT - 2026,1,swett_shane__primary_report_2026__official_1.pdf
SYMONS FOR SHERIDAN,CANDIDATE COMMITTEE,OFFICIAL,PRIMARY REPORT - 2026,1,symons_for_sheridan__primary_report_2026__official_1.pdf
SYMONS FOR SHERIDAN,CANDIDATE COMMITTEE,AMENDMENT,NON ELECTION YEAR (ODD YEAR) - 2026,1,symons_for_sheridan__non_election_year_odd_year_2026__amendment_1.pdf
SYMONS FOR SHERIDAN,CANDIDATE COMMITTEE,OFFICIAL,NON ELECTION YEAR (ODD YEAR) - 2026,1,symons_for_sheridan__non_election_year_odd_year_2026__official_1.pdf
TED HANLON COMMITTEE TO ELECT,CANDIDATE COMMITTEE,OFFICIAL,PRIMARY REPORT - 2026,1,ted_hanlon_committee_to_elect__primary_report_2026__official_1.pdf
TED HANLON COMMITTEE TO ELECT,CANDIDATE COMMITTEE,OFFICIAL,NON ELECTION YEAR (ODD YEAR) - 2026,1,ted_hanlon_committee_to_elect__non_election_year_odd_year_2026__official_1.pdf
"TEMPLE, JAMES",CANDIDATE,OFFICIAL,PRIMARY REPORT - 2026,1,temple_james__primary_report_2026__official_1.pdf
TERRY ELLISON FOR WYOMING,CANDIDATE COMMITTEE,OFFICIAL,NON ELECTION YEAR (ODD YEAR) - 2026,1,terry_ellison_for_wyoming__non_election_year_odd_year_2026__official_1.pdf
"THAYER, PAMELA",CANDIDATE,OFFICIAL,PRIMARY REPORT - 2026,1,thayer_pamela__primary_report_2026__official_1.pdf
THE COMMITTEE TO ELECT JARED OLSEN,CANDIDATE COMMITTEE,OFFICIAL,PRIMARY REPORT - 2026,1,the_committee_to_elect_jared_olsen__primary_report_2026__official_1.pdf
THE COMMITTEE TO ELECT JARED OLSEN,CANDIDATE COMMITTEE,OFFICIAL,NON ELECTION YEAR (ODD YEAR) - 2026,1,the_committee_to_elect_jared_olsen__non_election_year_odd_year_2026__official_1.pdf
THE FRIENDS TO ELECT MARK JONES,CANDIDATE COMMITTEE,OFFICIAL,PRIMARY REPORT - 2026,1,the_friends_to_elect_mark_jones__primary_report_2026__official_1.pdf
THE FRIENDS TO ELECT MARK JONES,CANDIDATE COMMITTEE,OFFICIAL,NON ELECTION YEAR (ODD YEAR) - 2026,1,the_friends_to_elect_mark_jones__non_election_year_odd_year_2026__official_1.pdf
THE PEOPLE FOR PROVENZA,CANDIDATE COMMITTEE,OFFICIAL,PRIMARY REPORT - 2026,1,the_people_for_provenza__primary_report_2026__official_1.pdf
THE PEOPLE FOR PROVENZA,CANDIDATE COMMITTEE,OFFICIAL,NON ELECTION YEAR (ODD YEAR) - 2026,1,the_people_for_provenza__non_election_year_odd_year_2026__official_1.pdf
TONY NIEMIEC FOR WYOMING,CANDIDATE COMMITTEE,OFFICIAL,PRIMARY REPORT - 2026,1,tony_niemiec_for_wyoming__primary_report_2026__official_1.pdf
VOTE BOLLER HD52,CANDIDATE COMMITTEE,OFFICIAL,PRIMARY REPORT - 2026,1,vote_boller_hd52__primary_report_2026__official_1.pdf
VOTE ZWONITZER,CANDIDATE COMMITTEE,OFFICIAL,PRIMARY REPORT - 2026,1,vote_zwonitzer__primary_report_2026__official_1.pdf
VOTE ZWONITZER,CANDIDATE COMMITTEE,OFFICIAL,NON ELECTION YEAR (ODD YEAR) - 2026,1,vote_zwonitzer__non_election_year_odd_year_2026__official_1.pdf
"WALTON, DAVID KARL",CANDIDATE,OFFICIAL,PRIMARY REPORT - 2026,1,walton_david_karl__primary_report_2026__official_1.pdf
"WASHUT, ART",CANDIDATE,OFFICIAL,PRIMARY REPORT - 2026,1,washut_art__primary_report_2026__official_1.pdf
"WEBB, JOE",CANDIDATE,OFFICIAL,PRIMARY REPORT - 2026,1,webb_joe__primary_report_2026__official_1.pdf
"WEBER, KAREN",CANDIDATE,OFFICIAL,PRIMARY REPORT - 2026,1,weber_karen__primary_report_2026__official_1.pdf
"WETZEL, JOHN F",CANDIDATE,OFFICIAL,PRIMARY REPORT - 2026,1,wetzel_john_f__primary_report_2026__official_1.pdf
WILLIAMS 4 WYOMING,CANDIDATE COMMITTEE,OFFICIAL,PRIMARY REPORT - 2026,1,williams_4_wyoming__primary_report_2026__official_1.pdf
WILLOX FOR WYOMING,CANDIDATE COMMITTEE,OFFICIAL,PRIMARY REPORT - 2026,1,willox_for_wyoming__primary_report_2026__official_1.pdf
"WILSON, JAMES A.",CANDIDATE,OFFICIAL,PRIMARY REPORT - 2026,1,wilson_james_a__primary_report_2026__official_1.pdf
"WILSON, LISA",CANDIDATE,OFFICIAL,PRIMARY REPORT - 2026,1,wilson_lisa__primary_report_2026__official_1.pdf
"WILSON, LISA",CANDIDATE,AMENDMENT,PRIMARY REPORT - 2026,1,wilson_lisa__primary_report_2026__amendment_1.pdf
"WING, PAUL L",CANDIDATE,OFFICIAL,PRIMARY REPORT - 2026,1,wing_paul_l__primary_report_2026__official_1.pdf
"WINNEY, JUSTIN WILLIAM JR",CANDIDATE,OFFICIAL,PRIMARY REPORT - 2026,1,winney_justin_william_jr__primary_report_2026__official_1.pdf
WRIGHT4WYOMING,CANDIDATE COMMITTEE,OFFICIAL,PRIMARY REPORT - 2026,1,wright4wyoming__primary_report_2026__official_1.pdf
"WYLIE, CODY MCNEIL",CANDIDATE,OFFICIAL,PRIMARY REPORT - 2026,1,wylie_cody_mcneil__primary_report_2026__official_1.pdf
ZWONITZER FOR HOUSE 8,CANDIDATE COMMITTEE,OFFICIAL,NON ELECTION YEAR (ODD YEAR) - 2026,1,zwonitzer_for_house_8__non_election_year_odd_year_2026__official_1.pdf
COMMITTEE TO ELECT CHIP NEIMAN SENATE DISTRICT 1,CANDIDATE COMMITTEE,OFFICIAL,PRIMARY REPORT - 2026,1,committee_to_elect_chip_neiman_senate_district_1__primary_report_2026__official_1.pdf
"FOX, PETE",CANDIDATE,OFFICIAL,PRIMARY REPORT - 2026,1,fox_pete__primary_report_2026__official_1.pdf
BIGELOW FOR HD51,CANDIDATE COMMITTEE,AMENDMENT,PRIMARY REPORT - 2026,1,bigelow_for_hd51__primary_report_2026__amendment_1.pdf
COMMITTEE TO ELECT CAT URBIGKIT,CANDIDATE COMMITTEE,AMENDMENT,PRIMARY REPORT - 2026,1,committee_to_elect_cat_urbigkit__primary_report_2026__amendment_1.pdf
CRAGO FOR WYOMING,CANDIDATE COMMITTEE,OFFICIAL,PRIMARY REPORT - 2026,1,crago_for_wyoming__primary_report_2026__official_1.pdf
DEGENFELDER FOR WYOMING,CANDIDATE COMMITTEE,OFFICIAL,PRIMARY REPORT - 2026,1,degenfelder_for_wyoming__primary_report_2026__official_1.pdf
JOHNSON FOR WYOMING,CANDIDATE COMMITTEE,AMENDMENT,PRIMARY REPORT - 2026,1,johnson_for_wyoming__primary_report_2026__amendment_1.pdf
"OVIATT, QWENTON EAGLE",CANDIDATE,OFFICIAL,PRIMARY REPORT - 2026,1,oviatt_qwenton_eagle__primary_report_2026__official_1.pdf
"SHERWOOD, TREY LYNN",CANDIDATE,AMENDMENT,PRIMARY REPORT - 2026,1,sherwood_trey_lynn__primary_report_2026__amendment_1.pdf
